smiles,score
CC1=CC(S(=O)(=O)NC2CCOC3=CC=CC=C32)=CC=C1,0.948340312
CC1=CC(S(=O)(=O)NC2=C3CN(C)CC3=CC=C2)=CC=C1,0.94819351
CCS(=O)(=O)C1=CC=CC(C2NC=NC3=CC=CC=C32)=C1,0.947950181
CC1=CC(S(=O)(=O)CC2NC=NC3=CC=CC=C32)=CC=C1,0.947940312
CC1=CC(S(=O)(=O)CC2=CC=C3CNC=NC3=C2)=CC=C1,0.947901234
CC1=CC(S(=O)(=O)CC2=C3N=CNCC3=CC=C2)=CC=C1,0.947901234
CC1=CC(S(=O)(=O)CC2=C3CNC=NC3=CC=C2)=CC=C1,0.947901234
CC1=CC(S(=O)(=O)CC2=CC=C3N=CNCC3=C2)=CC=C1,0.947901234
C=CC1=CC(S(=O)(=O)CC)=CC2=C1C=C1CNCCC1=C2,0.947897542
CCS(=O)(=O)C1=CC=CC(C2=CC=C3CNC=NC3=C2)=C1,0.947877467
CCS(=O)(=O)C1=CC=CC(C2=C3CNC=NC3=CC=C2)=C1,0.947877467
CCS(=O)(=O)C1=CC=CC(C2=C3N=CNCC3=CC=C2)=C1,0.947877467
CCS(=O)(=O)C1=CC=CC(C2=CC=C3N=CNCC3=C2)=C1,0.947877467
CN(C(=O)NC1=CC=CC=C1)C1=CC=CC(S(C)(=O)=O)=C1,0.947846909
CCS(=O)(=O)C1=CC=CC(C2=NC3=CC=CC=C3CN2)=C1,0.9477749
CC1=CC(S(=O)(=O)CC2=NC3=CC=CC=C3CN2)=CC=C1,0.947609806
CC1=CC(S(=O)(=O)CC2=CC=C3CCC(N)CC3=C2)=CC=C1,0.94720716
CC1=CC(C)=CC(S(=O)(=O)CC2=CC=C3CCNCC3=C2)=C1,0.947089902
CC1=CC(S(=O)(=O)CC2=CC(C)=C3CCNCC3=C2)=CC=C1,0.947089902
CC1=C(C)C(S(=O)(=O)CC2=CC=C3CCNCC3=C2)=CC=C1,0.947089902
CC1=CC(S(=O)(=O)CC2=CC=C3CCNCC3=C2)=C(C)C=C1,0.947089902
CC1=CC(S(=O)(=O)CC2=CC=C3CCNCC3=C2C)=CC=C1,0.947089902
CC1=CC(S(=O)(=O)CC2=C(C)C=C3CCNCC3=C2)=CC=C1,0.947089902
CC1=CC=C(S(=O)(=O)CC2=CC=C3CCNCC3=C2)C=C1C,0.947089902
CC1=CC(S(=O)(=O)NC2=CC=C3N=CN(C)CC3=C2)=CC=C1,0.947083039
CCS(=O)(=O)C1=CC=CC(C2CC3=CC=CC=C3CC2O)=C1,0.947073514
CNS(=O)(=O)C1=CC=CC(C2C=NC3=CC=CC=C3C2)=C1,0.94702701
CC1=CC(S(=O)(=O)NC2C=NC3=CC=CC=C3C2)=CC=C1,0.946919148
CC1=CC(S(=O)(=O)CC2=CC=C3CC(C)NCC3=C2)=CC=C1,0.946891119
CNS(=O)(=O)C1=CC2=C(CC(OC)C3=CC=CC=C23)C(C)=C1,0.946864933
CNS(=O)(=O)C1=CC2=C(C(C)=C1)C(OC)CC1=CC=CC=C12,0.946864933
CCS(=O)(=O)C1=CC=CC(C2=CC=C3CCC(O)CC3=C2)=C1,0.946860347
CC(N)S(=O)(=O)C1=CC=CC(C2CCC3=CC=CC=C3C2)=C1,0.946797294
CCS(=O)(=O)C1=CC=CC(C2(C)CC3=CC=CC=C3CN2)=C1,0.946756277
CC1=CC(S(=O)(=O)N(C)C2=CC=C3N=CNCC3=C2)=CC=C1,0.946738196
CNS(=O)(=O)C1=CC2=C(CCC3=CC=CC=C32)C(C)=C1OC,0.946721406
CNS(=O)(=O)C1=CC2=C(CCC3=CC(OC)=CC=C32)C(C)=C1,0.946721406
CNS(=O)(=O)C1=CC2=C(CCC3=CC=C(OC)C=C32)C(C)=C1,0.946721406
CNS(=O)(=O)C1=CC2=C(CCC3=C(OC)C=CC=C23)C(C)=C1,0.946721406
CNS(=O)(=O)C1=CC2=C(CCC3=CC=CC(OC)=C32)C(C)=C1,0.946721406
CNS(=O)(=O)C1=C(OC)C2=C(CCC3=CC=CC=C32)C(C)=C1,0.946721406
CC(N)S(=O)(=O)C1=CC=CC(C2C=NC3=CC=CC=C3C2)=C1,0.946519979
CCS(=O)(=O)C1=C(C)C=CC(C2=CC=C3CCNCC3=C2)=C1,0.946489438
CCS(=O)(=O)C1=CC=C(C)C(C2=CC=C3CCNCC3=C2)=C1,0.946489438
CCS(=O)(=O)C1=CC=CC(C2=C(C)C=C3CCNCC3=C2)=C1,0.946489438
CCS(=O)(=O)C1=CC(C)=CC(C2=CC=C3CCNCC3=C2)=C1,0.946489438
CCS(=O)(=O)C1=CC=CC(C2=CC(C)=C3CCNCC3=C2)=C1,0.946489438
CCS(=O)(=O)C1=CC=CC(C2=CC=C3CCNCC3=C2C)=C1,0.946489438
CCS(=O)(=O)C1=CC=CC(C2=CC=C3CCNCC3=C2)=C1C,0.946489438
CC1=CC(S(=O)(=O)NN2C=NC3=CC=CC=C3C2)=CC=C1,0.946411733
CC1=CC(S(=O)(=O)N(C)C2NCCC3=CC=CC=C32)=CC=C1,0.946143874
CC1=CC(S(=O)(=O)NC2C3=CC=CC=C3CCN2C)=CC=C1,0.946143874
CCN(C)S(=O)(=O)C1=C2C=C3N=CNCC3=CC2=CC(C)=C1,0.94611783
CCN1C=NC2=CC3=C(S(=O)(=O)NC)C=C(C)C=C3C=C2C1,0.94611783
CCS(=O)(=O)C1=CC(C)=CC(C2CC3=CC=CC=C3CN2)=C1,0.946061384
CCS(=O)(=O)C1=CC=CC(C2CC3=CC=CC=C3CN2)=C1C,0.946061384
CCS(=O)(=O)C1=CC=C(C)C(C2CC3=CC=CC=C3CN2)=C1,0.946061384
CCS(=O)(=O)C1=C(C)C=CC(C2CC3=CC=CC=C3CN2)=C1,0.946061384
CC1=CC(S(=O)(=O)CC2=CC=C3C(=C2)CNCC3C)=CC=C1,0.946061384
CC1=CC(S(=O)(=O)CC2=CC=C3CCNC(C)C3=C2)=CC=C1,0.946061384
CCS(=O)(=O)C1=CC=CC(C2CC3=CC=C(C)C=C3CN2)=C1,0.946061384
CCS(=O)(=O)C1=CC=CC(C2CC3=CC=CC(C)=C3CN2)=C1,0.946061384
CCS(=O)(=O)C1=CC=CC(C2CC3=CC(C)=CC=C3CN2)=C1,0.946061384
CC1=CC(S(=O)(=O)C(C)C2=CC=C3CCNCC3=C2)=CC=C1,0.946061384
CCS(=O)(=O)C1=CC=CC(C2CC3=C(C)C=CC=C3CN2)=C1,0.946061384
CC(C)S(=O)(=O)C1=CC=CC(C2=CC=C3CCNCC3=C2)=C1,0.946023353
CCS(=O)(=O)C1=CC=CC(C2=CC=C3CC(C)NCC3=C2)=C1,0.946023353
CC1=CC(S(=O)(=O)CC2=C3N=CC(N)CC3=CC=C2)=CC=C1,0.946008519
CCS(=O)(=O)C1=C(F)C=CC(C2=C3CNCCC3=CC=C2)=C1,0.945989514
CCS(=O)(=O)C1=CC=CC(C2=C3CNCCC3=C(F)C=C2)=C1,0.945989514
CCS(=O)(=O)C1=CC(F)=CC(C2=C3CNCCC3=CC=C2)=C1,0.945989514
CCS(=O)(=O)C1=CC=CC(C2=C3CNCCC3=CC=C2)=C1F,0.945989514
CCS(=O)(=O)C1=CC=CC(C2=C3CNCCC3=CC=C2F)=C1,0.945989514
CCS(=O)(=O)C1=CC=CC(C2=C3CNCCC3=CC(F)=C2)=C1,0.945989514
CNS(=O)(=O)C1=CC=CC(N2C=NC3=CC=CC=C3C2)=C1,0.945752691
CC1=CC(S(=O)(=O)N(C)C2=CC=C(O)C(C)=C2)=CC=C1,0.945705071
CC1=CC(S(=O)(=O)N(C)C2=CC=C(O)C=C2C)=CC=C1,0.945705071
CCS(=O)(=O)C1=CC=CC(C2=CC=C3CCN(O)CC3=C2)=C1,0.945492569
CC(C)S(=O)(=O)C1=CC=CC(C2CC3=CC=CC=C3CN2)=C1,0.945470511
CC(F)S(=O)(=O)C1=CC=CC(C2=C3CNCCC3=CC=C2)=C1,0.945469152
CCS(=O)(=O)C1=CC=CC(C2CC3=CC=CC=C3CN2O)=C1,0.945348598
CN(C)S(=O)(=O)C1=CC=CC(C2NC=NC3=CC=CC=C32)=C1,0.945078144
CNS(=O)(=O)C1=CC=CC(C2C3=CC=CC=C3N=CN2C)=C1,0.945078144
CCS(=O)(=O)C1=CC2=C(C=C3CNCC(OC)C3=C2)C(C)=C1,0.944947156
CCS(=O)(=O)C1=CC2=C(C=C3C(=C2)CCNC3OC)C(C)=C1,0.944947156
CCS(=O)(=O)C1=C2CCCC2=CC(C2=C(C)C(N)=NC=C2)=C1,0.944647814
CCS(=O)(=O)C1=CC=CC(C2=C(C)C(N)=NC3=C2CCC3)=C1,0.944647814
CCS(=O)(=O)C1=CC2=C(CCC2)C(C2=C(C)C(N)=NC=C2)=C1,0.944647814
CCS(=O)(=O)C1=CC2=C(C=C3CNCCC3=C2)C(C)=C1OC,0.944636403
CCS(=O)(=O)C1=C(OC)C2=C(C=C3CNCCC3=C2)C(C)=C1,0.944636403
CCS(=O)(=O)C1=CC2=C(C(C)=C1)C(OC)=C1CNCCC1=C2,0.944636403
CCS(=O)(=O)C1=CC2=C(C=C3CNCCC3=C2OC)C(C)=C1,0.944636403
CC1=CC(S(=O)(=O)C(C)N)=CC(CC2=CC=CC(F)=C2)=C1,0.944584251
CCS(=O)(=O)C1=CC=CC(C2=CC=C3CCNC(C)C3=C2)=C1,0.944546238
CCS(=O)(=O)C1=CC=CC(C2=CC=C3C(=C2)CNCC3C)=C1,0.944546238
CCS(=O)(=O)C1=CC2=C(C=C3CNC(OC)CC3=C2)C(C)=C1,0.944508037
COC(C)S(=O)(=O)C1=CC2=C(C=C3CNCCC3=C2)C(C)=C1,0.944508037
CCS(=O)(=O)C1=CC=CC(C2=C3CNCC(F)C3=CC=C2)=C1,0.944344645
CC1=C(CC2=CC=CC(O)=C2)C(S(=O)(=O)N(C)C)=CC=C1,0.944133409
CCS(=O)(=O)C1=CC=CC(C2NCC3=CC=CC=C3C2C)=C1,0.943687075
CCS(=O)(=O)C1=CC=CC(C2CC3=CC=CC=C3C(C)N2)=C1,0.943687075
CCC1=CC(S(=O)(=O)CC2=CC=C3CCNCC3=C2)=CC=C1,0.943488962
CCS(=O)(=O)C1=CC=C(C2=CC=C(C(=O)NC)C=C2)C(C)=C1,0.942888543
CCS(=O)(=O)C1=CC(C2=CC=C(C(=O)NC)C=C2)=CC(C)=C1,0.942888543
CCS(=O)(=O)C1=CC=CC(C)=C1C1=CC=C(C(=O)NC)C=C1,0.942888543
CCS(=O)(=O)C1=C(C2=CC=C(C(=O)NC)C=C2)C=CC(C)=C1,0.942888543
CNC(=O)C1=CC=C(C(C)S(=O)(=O)C2=CC=CC(C)=C2)C=C1,0.942842213
CC1=CC(S(=O)(=O)C(C)C2=CC=C(C(N)=O)C=C2)=CC=C1,0.942824717
CCS(=O)(=O)C1=CC=CC(C2C3=CC=CC=C3CC3C(N)C23)=C1,0.942779628
CCS(=O)(=O)C1=CC=CC(C2C3=CC=CC=C3CC3CC32N)=C1,0.942778194
CC1=NCC2=C(CS(=O)(=O)C3=CC=CC(C)=C3)C=NC(O)=C12,0.942647777
CC1=NCC2=C(S(=O)(=O)CC3=CC=C(O)N=C3)C=C(C)C=C12,0.942647777
CC1=NCC2=C1C(C)=CC(S(=O)(=O)CC1=CC=C(O)N=C1)=C2,0.942647777
CCC1=CC=CC(S(=O)(=O)C(N)C2=CC=CC(F)=C2)=C1,0.942620435
CCS(=O)(=O)C1=CC=C(C2=CC=C(C(N)=O)C=C2)C(C)=C1,0.942575891
CCS(=O)(=O)C1=CC=CC(C)=C1C1=CC=C(C(N)=O)C=C1,0.942575891
CCS(=O)(=O)C1=C(C2=CC=C(C(N)=O)C=C2)C=CC(C)=C1,0.942575891
CCS(=O)(=O)C1=CC(C2=CC=C(C(N)=O)C=C2)=CC(C)=C1,0.942575891
CCC1=CC=CC(S(=O)(=O)C2=CC(F)=CC(CN)=C2)=C1,0.942482535
CCC1=CC=CC(S(=O)(=O)C2=C(F)C=CC=C2CN)=C1,0.942482535
CCC1=CC=CC(S(=O)(=O)C2=CC=C(CN)C=C2F)=C1,0.942482535
CNS(=O)(=O)C1=CC2=C(CCC3=CC=CC=C32)C(COC)=C1,0.942479098
O=S(=O)(CCF)C1=CC=CC(C2=C3CNCCC3=CC=C2)=C1,0.942394578
CCCS(=O)(=O)C1=CC=CC(C2=CC=C3CCNCC3=C2)=C1,0.942343404
CCS(=O)(=O)C1=CC=CC(C2CC3C(N)C3C3=CC=CC=C32)=C1,0.942330152
COC1=CC=C(O)C=C1N(C)S(=O)(=O)C1=CC=CC(C)=C1,0.94232288
CC1=CC(S(=O)(=O)CC2=CC(F)=CC(CN)=C2)=CC2=C1C2C,0.942066698
CC1=CC(S(=O)(=O)CC2=CC(F)=CC(CN)=C2)=C2C(=C1)C2C,0.942066698
CC(=O)CS(=O)(=O)C1=C2C=C3CCNCC3=CC2=CC(C)=C1,0.942056372
CC(CC1=CC=CC(F)=C1)C1=CC=CC(S(N)(=O)=O)=C1,0.941938541
CCCS(=O)(=O)C1=CC=CC(C2CC3=CC=CC=C3CN2)=C1,0.941790122
CC1=CC(S(=O)(=O)CC2CC3=CC=CC=C3CC2(C)N)=CC=C1,0.941703918
CCC1=CC=C(CC2=CC=CC(F)=C2)C(S(N)(=O)=O)=C1,0.941670569
CCC1=CC=CC(S(N)(=O)=O)=C1CC1=CC=CC(F)=C1,0.941670569
CCC1=CC(CC2=CC=CC(F)=C2)=CC(S(N)(=O)=O)=C1,0.941670569
CCC1=C(CC2=CC=CC(F)=C2)C=CC(S(N)(=O)=O)=C1,0.941670569
CN=C1CCC2=CC=CC=C2C1C1=CC(S(=O)(=O)NC)=CC=C1,0.941658673
CC1=CC(S(=O)(=O)N(C)C2=CC=C(C(=O)O)C=C2)=CC=C1,0.941536974
CC1=CC(S(=O)(=O)NC2C=NC3=CC=CC=C3C2C#N)=CC=C1,0.941536154
CCS(=O)(=O)C1=CC=CC(C2CC3(N)CC3C3=CC=CC=C32)=C1,0.941530676
CCS(=O)(=O)C1=C(C2=CC=C(C(=O)O)C=C2)C=CC(C)=C1,0.941519301
CCS(=O)(=O)C1=CC(C2=CC=C(C(=O)O)C=C2)=CC(C)=C1,0.941519301
CCS(=O)(=O)C1=CC=C(C2=CC=C(C(=O)O)C=C2)C(C)=C1,0.941519301
CCS(=O)(=O)C1=CC=CC(C)=C1C1=CC=C(C(=O)O)C=C1,0.941519301
CCS(=O)(=O)C1=CC=CC(C2CC3=CC=CC=C3CC2=CN)=C1,0.94149818
CCS(=O)(=O)C1=CC=CC(C)=C1C1=CC=C(O)C=C1C,0.941363322
CCS(=O)(=O)C1=CC(C2=CC=C(O)C(C)=C2)=CC(C)=C1,0.941363322
CCS(=O)(=O)C1=C(C2=CC=C(O)C=C2C)C=CC(C)=C1,0.941363322
CCS(=O)(=O)C1=C(C2=CC=C(O)C(C)=C2)C=CC(C)=C1,0.941363322
CCS(=O)(=O)C1=CC=CC(C)=C1C1=CC=C(O)C(C)=C1,0.941363322
CCS(=O)(=O)C1=CC=C(C2=CC=C(O)C(C)=C2)C(C)=C1,0.941363322
CCS(=O)(=O)C1=CC=C(C2=CC=C(O)C=C2C)C(C)=C1,0.941363322
CCS(=O)(=O)C1=CC(C2=CC=C(O)C=C2C)=CC(C)=C1,0.941363322
CC1=CC(S(=O)(=O)CCC2=CC=C(O)C(C)=C2)=CC=C1,0.941363178
CC1=CC(S(=O)(=O)CCC2=CC=C(O)C=C2C)=CC=C1,0.941363178
CCC1=CC(S(=O)(=O)CC)=CC2=C1C1=CC=CC=C1CN2,0.941259657
CCS(=O)(=O)C1=CC=CC(C2=CC=C3CC(=N)CN(C)C3=C2)=C1,0.941247676
CC(C)(C1=CC=CC(S(C)(=O)=O)=C1)C1=C2CCNCC2=CC=C1,0.941228339
CC1=CC(S(=O)(=O)CC2=CC=C3CC(C)(O)C=NC3=C2)=CC=C1,0.941172397
CCS(=O)(=O)C1=CC=CC(CC2=CC=C(O)C=C2C)=C1,0.941117777
CCS(=O)(=O)C1=CC=CC(CC2=CC=C(O)C(C)=C2)=C1,0.941117777
CC1=CC(S(=O)(=O)C(C)C2=CC=C(C(=O)O)C=C2)=CC=C1,0.941013061
COCS(=O)(=O)C1=CC=CC(C2CC3=CC=CC=C3CN2)=C1,0.94093903
CC1=CC(S(=O)(=O)NC2CC3=CC=CC=C3N=C2C#N)=CC=C1,0.940935129
CC1=CC(S(=O)(=O)NC2(C#N)C=NC3=CC=CC=C3C2)=CC=C1,0.940935129
CC1=CC(S(=O)(=O)N(C)C2CC2)=CC2=C1C=C1CNCCC1=C2,0.940903239
CC1=CC(S(=O)(=O)NC2C=NC3=CC=C(C#N)C=C3C2)=CC=C1,0.94082627
CC1=CC(S(=O)(=O)NC2C=NC3=CC(C#N)=CC=C3C2)=CC=C1,0.94082627
CC1=CC(S(=O)(=O)NC2C=NC3=C(C#N)C=CC=C3C2)=CC=C1,0.94082627
CC1=CC(S(=O)(=O)NC2C=NC3=CC=CC(C#N)=C3C2)=CC=C1,0.94082627
CC1=C(C#N)C(S(=O)(=O)NC2C=NC3=CC=CC=C3C2)=CC=C1,0.94082627
CC1=CC(S(=O)(=O)NC2C=NC3=CC=CC=C3C2)=C(C#N)C=C1,0.94082627
CC1=CC(S(=O)(=O)NC2C=NC3=CC=CC=C3C2)=CC=C1C#N,0.94082627
CC1=CC(S(=O)(=O)NC2C=NC3=CC=CC=C3C2)=CC(C#N)=C1,0.94082627
CC1=CC(S(=O)(=O)CC2=C3CCC(C)(N)CC3=CC=C2)=CC=C1,0.940650128
CC1=CC(S(=O)(=O)CC2=C3CC(C)(N)CCC3=CC=C2)=CC=C1,0.940650128
COCS(=O)(=O)C1=CC=CC(C2=CC=C3CCNCC3=C2)=C1,0.94049783
C=C1OC2=CC=CC=C2C=C1C1=C(S(=O)(=O)NC)C=C(C)C=C1,0.94039971
CNC1=CC=C(C(=O)N(C)S(=O)(=O)C2=CC=CC(C)=C2)C=C1,0.940373347
CC1=CC2=CC3=C(C=C2C(S(=O)(=O)CC2CC2C)=C1)CCNC3,0.94028457
CCS(=O)(=O)C1=CC=CC(C2=CC=C3C(=O)N(C)C(=N)C3=C2)=C1,0.940280946
CC1=CC(S(=O)(=O)C(C)C2=CC=C(O)C=C2C)=CC=C1,0.940266002
CC1=CC(S(=O)(=O)C(C)C2=CC=C(O)C(C)=C2)=CC=C1,0.940266002
CCS(=O)(=O)C1=CC2=C(C=C3CNCCC3=C2)C(COC)=C1,0.940200826
CC1=CC(S(=O)(=O)C(C)(N)C2CCC3=CC=CC=C3C2)=CC=C1,0.940115537
CCS(=O)(=O)C1=CC2=C(C=C3CNN(C4CC4)CC3=C2)C(C)=C1,0.93996899
CCS(=O)(=O)C1=CC2=C(C=C3CNCN(C4CC4)C3=C2)C(C)=C1,0.939865798
CCS(=O)(=O)C1=CC2=C(C=C3C(=C2)CCNN3C2CC2)C(C)=C1,0.939865798
CC(C)(O)C1=CC=CC(S(=O)(=O)C2CCC3=CC=CC=C3C2)=C1,0.939754768
CC1=CC(S(=O)(=O)C(C)C2=CC3=CC=CC=C3OC2O)=CC=C1,0.939647523
CC1=CC(S(=O)(=O)C(C)(O)C2=CC3=CC=CC=C3OC2)=CC=C1,0.939643881
CC1=C(C(O)S(=O)(=O)C2=CC=CC(C)=C2)C2=CC=CC=C2OC1,0.939643881
CCS(=O)(=O)C1=CC=CC(C2=CC=C3C(=N)CCN(C)C3=C2)=C1,0.93962583
CC1=CC(S(=O)(=O)C(C)N)=CC=C1C1=CC2=CC=CC=C2OC1,0.939610348
CC(C)(O)S(=O)(=O)C1=CC=CC(N2CCC3=CC=CC=C3C2)=C1,0.939452537
CC1=CC(S(=O)(=O)C(C)N2C3=CC=CC=C3CCC2O)=CC=C1,0.939440494
CC1=CC(S(=O)(=O)C(C)(O)N2CCCC3=CC=CC=C32)=CC=C1,0.939438612
CNC(=O)C1=CC=C(N(C)S(=O)(=O)C2=CC=CC(C)=C2)C=C1,0.93938829
CNC(=O)C1=CC=CC(N(C)S(=O)(=O)C2=CC=CC(C)=C2)=C1,0.93938829
CCS(=O)(=O)C1=C2C=C3CCNCC3=CC2=CC(C2(C)CC2)=C1,0.939352505
CNS(=O)(=O)C1=CC2=C(C=C3CN(OC)CCC3=C2)C(C)=C1,0.939303336
CN(CC1=CC=CC(F)=C1)C1=CC=CC(S(N)(=O)=O)=C1,0.939041528
CC1=CC(S(=O)(=O)C(C)(O)N2C=NC3=CC=CC=C3C2)=CC=C1,0.939001925
CC1=CC(S(=O)(=O)C(C)N2CCC(O)C3=CC=CC=C32)=CC=C1,0.938986445
CCS(=O)(=O)C1=CC2=C(C=C3CNC(C4CC4)CC3=C2)C(C)=C1,0.938982872
CC1=CC2=CC3=C(C=C2C(S(=O)(=O)C(C)C2CC2)=C1)CCNC3,0.938982872
CC1=CC(S(=O)(=O)C(C)C2CC2)=CC2=C1C=C1CNCCC1=C2,0.938982872
CCS(=O)(=O)C1=C2C=C3CC(C4CC4)NCC3=CC2=CC(C)=C1,0.938982872
CC1=CC2=CC3=C(C=C2C(S(=O)(=O)CC2(C)CC2)=C1)CCNC3,0.938965479
CC(=CCO)S(=O)(=O)C1=CC2=C(CCC3=CC=CC=C32)C(C)=C1,0.938962799
CNS(=O)(=O)C1=CC=CC(N2CC3=CC=CC=C3C(C)(F)C2)=C1,0.938919714
CC1=CC(S(=O)(=O)C(C)N2CC(O)CC3=CC=CC=C32)=CC=C1,0.938909311
COC1=CC=C(C2=CC(S(=O)(=O)C(C)(C)O)=CC=C2)C=C1F,0.938858737
CC1=CC(S(=O)(=O)C(C)(N)N2CCC3=CC=CC=C3C2)=CC=C1,0.938843535
CC1=C(NS(=O)(=O)C2=CC=CC(C)=C2)C2=CC(C)=CC=C2OC1,0.938731076
CC1=C(NS(=O)(=O)C2=C(C)C=CC(C)=C2)C2=CC=CC=C2OC1,0.938731076
CC1=C(NS(=O)(=O)C2=CC=CC(C)=C2)C2=C(C)C=CC=C2OC1,0.938731076
CC1=C(NS(=O)(=O)C2=CC=CC(C)=C2)C2=CC=C(C)C=C2OC1,0.938731076
CC1=C(NS(=O)(=O)C2=CC=C(C)C(C)=C2)C2=CC=CC=C2OC1,0.938731076
CC1=C(NS(=O)(=O)C2=CC=CC(C)=C2C)C2=CC=CC=C2OC1,0.938731076
CC1=C(NS(=O)(=O)C2=CC=CC(C)=C2)C2=CC=CC(C)=C2OC1,0.938731076
CC1=C(NS(=O)(=O)C2=CC(C)=CC(C)=C2)C2=CC=CC=C2OC1,0.938731076
CCS(=O)(=O)C1=CC2=C(C(C)=C1)C(N(C)C)=C1CNCCC1=C2,0.93868959
CCS(=O)(=O)C1=CC2=C(C=C3CNCCC3=C2N(C)C)C(C)=C1,0.93868959
CCS(=O)(=O)C1=CC2=C(C=C3CNCCC3=C2)C(C)=C1N(C)C,0.93868959
CCS(=O)(=O)C1=C(N(C)C)C2=C(C=C3CNCCC3=C2)C(C)=C1,0.93868959
CC1=CC(S(=O)(=O)C2(C)C3=CC=CC=C3N=CN2CN)=CC=C1,0.938675632
CCS(=O)(=O)C1=CC2=C(C=C3C(=C2)CCNC3N(C)C)C(C)=C1,0.938675269
CCS(=O)(=O)C1=CC2=C(C=C3CNCC(N(C)C)C3=C2)C(C)=C1,0.938675269
COCCS(=O)(=O)C1=CC2=C(C=C3CNCCC3=C2)C(C)=C1,0.938649706
C=CN(C)S(=O)(=O)C1=CC=CC(C2NCCC3=CC=CC=C32)=C1,0.938646178
C=CN1CCC2=CC=CC=C2C1C1=CC(S(=O)(=O)NC)=CC=C1,0.938646178
CCS(=O)(=O)C1=C2C=C3CCNCC3=CC2=CC(C2CC2C)=C1,0.938571153
CCC1=CC=CC(S(=O)(=O)C2=C3C=C(C)C(O)OC3=CC=C2)=C1,0.938549275
CC1=CC2=CC=C(C(N)S(=O)(=O)C3=CC=CC(C)=C3)C=C2OC1,0.93847542
CC1=CC2=CC=CC(C(N)S(=O)(=O)C3=CC=CC(C)=C3)=C2OC1,0.93847542
CCS(=O)(=O)C1=CC=CC(C2=CC=C3N=CC(NC)CC3=C2)=C1,0.938458977
CCCS(=O)(=O)C1=CC2=C(C(C)=C1)C1=CC=CC=C1CN2,0.938350524
CNC(C1=C(F)C(C)=C(F)C=C1)S(=O)(=O)C1=CC=CC(C)=C1,0.938268872
C=CC1=CC(S(=O)(=O)NC)=C(C2=CC3=CC=CC=C3OC2)C=C1,0.93824362
CCS(=O)(=O)C1=CC=CC(C2CCC3=CC=CC=C3C2=CN)=C1,0.938223483
CCS(=O)(=O)C1=CC=CC(C2CC(=CN)C3=CC=CC=C3C2)=C1,0.938223483
CC=CC1=CC(S(=O)(=O)C2(C)CNCC3=CC=CC=C32)=CC=C1,0.938164667
CC1=CC(S(=O)(=O)CC2CC3=CC=CC=C3CC2CN)=CC=C1,0.93808942
CCC1=CC=C2CN(C3=CC(S(=O)(=O)NC)=CC=C3)C=NC2=C1,0.938052986
CCC1=C2CN(C3=CC(S(=O)(=O)NC)=CC=C3)C=NC2=CC=C1,0.938052986
CCC1=C(S(=O)(=O)NC)C=C(N2C=NC3=CC=CC=C3C2)C=C1,0.938052986
CCC1=C2N=CN(C3=CC(S(=O)(=O)NC)=CC=C3)CC2=CC=C1,0.938052986
CCC1=CC(N2C=NC3=CC=CC=C3C2)=CC(S(=O)(=O)NC)=C1,0.938052986
CCC1=CC=C(S(=O)(=O)NC)C=C1N1C=NC2=CC=CC=C2C1,0.938052986
CCC1=C(N2C=NC3=CC=CC=C3C2)C=CC=C1S(=O)(=O)NC,0.938052986
CCC1=CC=C2N=CN(C3=CC(S(=O)(=O)NC)=CC=C3)CC2=C1,0.938052986
CC1=CC(S(=O)(=O)C(CN)C2CCC3=CC=CC=C3C2)=CC=C1,0.938051334
CC1=CC(S(=O)(=O)C(C)N(C)C)=CC2=C1C=C1CNCCC1=C2,0.938024412
CCS(=O)(=O)C1=CC2=C(C=C3CNC(N(C)C)CC3=C2)C(C)=C1,0.938024412
CC1=NCCC1(C1=CC=C(O)N=C1)S(=O)(=O)C1=CC=CC(C)=C1,0.937996795
CCC1=C(C)C=CC=C1S(=O)(=O)NN1C=NC2=CC=CC=C2C1,0.937955228
CCC1=CC(C)=CC(S(=O)(=O)NN2C=NC3=CC=CC=C3C2)=C1,0.937955228
CCC1=CC=C2N=CN(NS(=O)(=O)C3=CC=CC(C)=C3)CC2=C1,0.937955228
CCC1=CC=C2CN(NS(=O)(=O)C3=CC=CC(C)=C3)C=NC2=C1,0.937955228
CCC1=C(S(=O)(=O)NN2C=NC3=CC=CC=C3C2)C=C(C)C=C1,0.937955228
CCC1=C2N=CN(NS(=O)(=O)C3=CC=CC(C)=C3)CC2=CC=C1,0.937955228
CCC1=C2CN(NS(=O)(=O)C3=CC=CC(C)=C3)C=NC2=CC=C1,0.937955228
CCC1=CC=C(S(=O)(=O)NN2C=NC3=CC=CC=C3C2)C=C1C,0.937955228
NC=CCS(=O)(=O)C1=CC=CC(C2CCC3=CC=CC=C3C2)=C1,0.937846393
CCS(=O)(=O)C1=C2C=C3CCNCC3=C(C3CC3)C2=CC(C)=C1,0.937782666
CCS(=O)(=O)C1=C(C2CC2)C2=C(C=C3CNCCC3=C2)C(C)=C1,0.937782666
CCS(=O)(=O)C1=C2C=C3CCNCC3=CC2=C(C2CC2)C(C)=C1,0.937782666
CCS(=O)(=O)C1=CC2=C(C(C)=C1)C(C1CC1)=C1CNCCC1=C2,0.937782666
CCS(=O)(=O)C1=CC2=C(C=C3CNCCC3=C2)C(C)=C1C1CC1,0.937782666
CCS(=O)(=O)C1=CC2=C(C=C3CNCCC3=C2C2CC2)C(C)=C1,0.937782666
CCS(=O)(=O)C1=C2C=C3CCNCC3=CC2=CC(C)=C1C1CC1,0.937782666
CCS(=O)(=O)C1=C2C(C3CC3)=C3CCNCC3=CC2=CC(C)=C1,0.937782666
CC1=CC(S(=O)(=O)CC2=CC=C3CC(CO)C=NC3=C2)=CC=C1,0.937738157
CC1=CC(S(=O)(=O)CC2=C3CC(CN)CCC3=CC=C2)=CC=C1,0.937719042
CC1=CC(S(=O)(=O)CC2=C3CCC(CN)CC3=CC=C2)=CC=C1,0.937719042
CCS(=O)(=O)C1=CC=CC(C2=CC=C3CCC(=N)N(C)C3=C2)=C1,0.937713855
CC1=C(NS(=O)(=O)C2=CC=CC(C)=C2)C2=CC=CC=C2OC1C,0.937693371
CCC1=C2CNC(CS(=O)(=O)C3=CC=CC(C)=C3)CC2=CC=C1,0.937643072
CCC1=C(S(=O)(=O)CC2CC3=CC=CC=C3CN2)C=C(C)C=C1,0.937643072
CCC1=CC=C2CNC(CS(=O)(=O)C3=CC=CC(C)=C3)CC2=C1,0.937643072
CCC1=C2CC(CS(=O)(=O)C3=CC=CC(C)=C3)NCC2=CC=C1,0.937643072
CCC1=CC=C(S(=O)(=O)CC2CC3=CC=CC=C3CN2)C=C1C,0.937643072
CCC1=CC(C)=CC(S(=O)(=O)CC2CC3=CC=CC=C3CN2)=C1,0.937643072
CCC1=C(C)C=CC=C1S(=O)(=O)CC1CC2=CC=CC=C2CN1,0.937643072
CCC1=CC=C2CC(CS(=O)(=O)C3=CC=CC(C)=C3)NCC2=C1,0.937643072
CC1=CC(S(=O)(=O)C(C)N2CCCC3=CC=CC=C32)=CC=C1O,0.937633579
CC1=CC(S(=O)(=O)C(C)N2CCCC3=CC=CC=C32)=CC(O)=C1,0.937633579
CC1=CC(S(=O)(=O)C(C)N2CCCC3=CC=C(O)C=C32)=CC=C1,0.937633579
CC1=CC(S(=O)(=O)C(C)N2CCCC3=CC=CC=C32)=C(O)C=C1,0.937633579
CC1=CC(S(=O)(=O)C(C)N2CCCC3=CC=CC(O)=C32)=CC=C1,0.937633579
CC1=CC(S(=O)(=O)C(C)N2CCCC3=C(O)C=CC=C32)=CC=C1,0.937633579
CC1=CC(S(=O)(=O)C(C)N2CCCC3=CC(O)=CC=C32)=CC=C1,0.937633579
CC1=C(O)C(S(=O)(=O)C(C)N2CCCC3=CC=CC=C32)=CC=C1,0.937633579
CCC1=C(N2CCC3=CC=CC=C3C2)C=CC=C1S(=O)(=O)NC,0.937610799
CCC1=CC=C(S(=O)(=O)NC)C=C1N1CCC2=CC=CC=C2C1,0.937610799
CCC1=CC=C2CCN(C3=CC(S(=O)(=O)NC)=CC=C3)CC2=C1,0.937610799
CCC1=C2CN(C3=CC(S(=O)(=O)NC)=CC=C3)CCC2=CC=C1,0.937610799
CCC1=CC(N2CCC3=CC=CC=C3C2)=CC(S(=O)(=O)NC)=C1,0.937610799
CCC1=C2CCN(C3=CC(S(=O)(=O)NC)=CC=C3)CC2=CC=C1,0.937610799
CCC1=C(S(=O)(=O)NC)C=C(N2CCC3=CC=CC=C3C2)C=C1,0.937610799
CCC1=CC=C2CN(C3=CC(S(=O)(=O)NC)=CC=C3)CCC2=C1,0.937610799
CCC1=NC2=CC=CC=C2CN1C1=CC(S(=O)(=O)NC)=CC=C1,0.937576756
CC(=CN)S(=O)(=O)C1=CC=CC(C2CCC3=CC=CC=C3C2)=C1,0.937558714
CCC1CC2=CC=CC=C2CN1C1=CC(S(=O)(=O)NC)=CC=C1,0.937557772
CC1=CC(S(=O)(=O)C(C)(C)C2=CC=C(C(=O)O)C=C2)=CC=C1,0.937542303
CCN(C1CC2=CC=CC=C2CN1)S(=O)(=O)C1=CC=CC(C)=C1,0.937536906
CC(C)(O)S(=O)(=O)C1=CC=CC(C2CCC3=CC=CC=C3C2)=C1,0.937470773
CCS(=O)(=O)C1=CC(C2=CC=NC=C2C)=CC(C(O)(F)F)=C1,0.937468021
CCS(=O)(=O)C1=CC(C2=CC=NC=C2C(O)(F)F)=CC(C)=C1,0.937468021
CC1=CC(S(=O)(=O)CC(O)(F)F)=CC(C2=CC=NC=C2C)=C1,0.937456081
CCN(C)S(=O)(=O)C1=CC=CC(C2=C3CCNCC3=CC=C2)=C1,0.937447905
CCN1CCC2=C(C3=CC(S(=O)(=O)NC)=CC=C3)C=CC=C2C1,0.937447905
C=C(C1=C(OC)C(O)=C(C)C=C1)S(=O)(=O)C1=CC=CC(C)=C1,0.937405542
CCS(=O)(=O)C1=CC=CC(C2=CC=CC=C2C2CNC(C)=N2)=C1,0.93737361
CCS(=O)(=O)C1=CC=CC(C2=CC=CC=C2C2CN=C(C)N2)=C1,0.93737361
CC1=CC(S(=O)(=O)C(C)C2=CC3=CC=CC=C3OC2)=CC=C1O,0.937337257
CC1=CC(S(=O)(=O)C(C)C2=CC3=CC=CC=C3OC2)=CC(O)=C1,0.937337257
CC1=CC(S(=O)(=O)C(C)C2=CC3=CC=CC=C3OC2)=C(O)C=C1,0.937337257
CC1=CC(S(=O)(=O)C(C)C2=CC3=CC=C(O)C=C3OC2)=CC=C1,0.937337257
CC1=CC(S(=O)(=O)C(C)C2=CC3=C(O)C=CC=C3OC2)=CC=C1,0.937337257
CC1=C(O)C(S(=O)(=O)C(C)C2=CC3=CC=CC=C3OC2)=CC=C1,0.937337257
CC1=CC(S(=O)(=O)C(C)C2=CC3=CC=CC(O)=C3OC2)=CC=C1,0.937337257
CC1=CC(S(=O)(=O)C(C)C2=CC3=CC(O)=CC=C3OC2)=CC=C1,0.937337257
CNS(=O)(=O)C1=C2C=C3C(=CC2=CC(C)=C1)N(C)CCC3OC,0.93719378
CCC1=NC2=CC=CC=C2CN1NS(=O)(=O)C1=CC=CC(C)=C1,0.937135753
CNS(=O)(=O)C1=CC=CC(C2=CC=C3CCC(OC)CC3=C2)=C1,0.937126544
CC1=CC2=C(S(=O)(=O)C3=CC(C(C)O)=CC=C3)C=CC=C2OC1,0.937026222
CNS(=O)(=O)C1=CC=CC(C2C3=CC=CC=C3CCC2OC)=C1,0.937023245
CC(CO)C1=CC=CC(S(=O)(=O)C2CCC3=CC=CC=C3C2)=C1,0.936971353
CC(CO)S(=O)(=O)C1=CC=CC(C2CCC3=CC=CC=C3C2)=C1,0.936971353
CCC1C2=CC=CC=C2CCN1C1=CC(S(=O)(=O)NC)=CC=C1,0.936951559
CCC1CN(C2=CC(S(=O)(=O)NC)=CC=C2)CC2=CC=CC=C21,0.936951559
CCS(=O)(=O)C1=CC=CC(C2=CC=CC=C2N2CNC(C)=N2)=C1,0.936790914
CCS(=O)(=O)C1=CC=CC(C2=CC=CC=C2N2CN=C(C)N2)=C1,0.936790914
CCS(=O)(=O)C1=CC=CC(C2=CC=C3N=CN(NC)CC3=C2)=C1,0.936775553
CC(=O)NC1=C2CN(C)CC2=CC=C1C1=CC=C(C(=O)N(C)C)C=C1,0.936755973
CC(=O)NC1=CC2=C(C=C1C1=CC=C(C(=O)N(C)C)C=C1)CN(C)C2,0.936755973
CC(=O)NC1=CC=CC=C1C1=C2CN(C)CC2=C(C(=O)N(C)C)C=C1,0.936755973
CC(=O)NC1=CC=C2CN(C)CC2=C1C1=CC=C(C(=O)N(C)C)C=C1,0.936755973
CC(=O)NC1=CC=CC=C1C1=CC=C(C(=O)N(C)C)C2=C1CN(C)C2,0.936755973
C=CNS(=O)(=O)C1=C(C2=CC3=CC=CC=C3OC2)C=CC(C)=C1,0.936752184
CNS(=O)(=O)C1=CC2=C(C(C)=C1)C(COC)C1=CC=CC=C1C2,0.936750635
CNS(=O)(=O)C1=CC2=C(CC3=CC=CC=C3C2COC)C(C)=C1,0.936750635
CCS(=O)(=O)C1=CC2=C(C=C3C(=C2)CCNC3C2CC2)C(C)=C1,0.936709352
CCS(=O)(=O)C1=CC2=C(C=C3CNCC(C4CC4)C3=C2)C(C)=C1,0.936709352
CCS(=O)(=O)C1=C2C=C3C(=CC2=CC(C)=C1)CNCC3C1CC1,0.936709352
CCS(=O)(=O)C1=C2C=C3CCNC(C4CC4)C3=CC2=CC(C)=C1,0.936709352
CC1=CC(S(=O)(=O)N(C)C2=CC=C(C(N)=O)C=C2)=CC=C1,0.936695863
CC1=CC(S(=O)(=O)N(C)C2=CC(C(N)=O)=CC=C2)=CC=C1,0.936695863
CCC1=CC(C)=CC(S(=O)(=O)CC2=CC=C3CNC=NC3=C2)=C1,0.936688653
CCC1=C(C)C=CC=C1S(=O)(=O)CC1=C2CNC=NC2=CC=C1,0.936688653
CCC1=C(CS(=O)(=O)C2=CC=CC(C)=C2)C=C2N=CNCC2=C1,0.936688653
CCC1=CC=C(S(=O)(=O)CC2=C3CNC=NC3=CC=C2)C=C1C,0.936688653
CCC1=CC=C(S(=O)(=O)CC2=CC=C3CNC=NC3=C2)C=C1C,0.936688653
CCC1=C2N=CNCC2=CC=C1CS(=O)(=O)C1=CC=CC(C)=C1,0.936688653
CCC1=CC(CS(=O)(=O)C2=CC=CC(C)=C2)=C2CNC=NC2=C1,0.936688653
CCC1=C(C)C=CC=C1S(=O)(=O)CC1=CC=C2CNC=NC2=C1,0.936688653
CCC1=C2N=CNCC2=C(CS(=O)(=O)C2=CC=CC(C)=C2)C=C1,0.936688653
CCC1=CC(C)=CC(S(=O)(=O)CC2=C3CNC=NC3=CC=C2)=C1,0.936688653
CCC1=C(S(=O)(=O)CC2=C3CNC=NC3=CC=C2)C=C(C)C=C1,0.936688653
CCC1=C2CNC=NC2=CC(CS(=O)(=O)C2=CC=CC(C)=C2)=C1,0.936688653
CCC1=C(S(=O)(=O)CC2=CC=C3CNC=NC3=C2)C=C(C)C=C1,0.936688653
CCC1=CC=C2N=CNCC2=C1CS(=O)(=O)C1=CC=CC(C)=C1,0.936688653
CC(=O)NC1=CC=CC=C1C1=C2CCN(C)C2=C(C(=O)N(C)C)C=C1,0.936625009
CC(=O)NC1=CC2=C(C=C1C1=CC=C(C(=O)N(C)C)C=C1)CCN2C,0.936625009
CC(=O)NC1=CC=CC=C1C1=CC=C(C(=O)N(C)C)C2=C1CCN2C,0.936625009
CC(=O)NC1=CC=C2C(=C1C1=CC=C(C(=O)N(C)C)C=C1)CCN2C,0.936625009
CC(=O)NC1=C2CCN(C)C2=CC=C1C1=CC=C(C(=O)N(C)C)C=C1,0.936625009
CC(=O)NC1=CC=C2CCN(C)C2=C1C1=CC=C(C(=O)N(C)C)C=C1,0.936625009
CC(=O)NC1=CC=CC=C1C1=C2C(=C(C(=O)N(C)C)C=C1)CCN2C,0.936625009
CC(=O)NC1=C2C(=CC=C1C1=CC=C(C(=O)N(C)C)C=C1)CCN2C,0.936625009
CC(=O)NC1=CC2=C(C=C1C1=CC=C(C(=O)N(C)C)C=C1)N(C)CC2,0.936625009
CC(=O)NC1=CC=CC=C1C1=CC=C(C(=O)N(C)C)C2=C1N(C)CC2,0.936625009
CCC1C2=CC=CC=C2N=CN1C1=CC(S(=O)(=O)NC)=CC=C1,0.936592062
CNS(=O)(=O)C1=C2C(OC)=C3CCCN(C)C3=CC2=CC(C)=C1,0.936588687
CNS(=O)(=O)C1=C2C=C3CCCN(C)C3=C(OC)C2=CC(C)=C1,0.936588687
CNS(=O)(=O)C1=C2C=C3CCCN(C)C3=CC2=CC(C)=C1OC,0.936588687
CNS(=O)(=O)C1=C2C=C3CCCN(C)C3=CC2=C(OC)C(C)=C1,0.936588687
CCS(=O)(=O)C1=CC2=C(C=C3CNCCC3=C2)C(CC2CC2)=C1,0.936577156
CCS(=O)(=O)C1=C2C=C3CCNCC3=CC2=CC(CC2CC2)=C1,0.936577156
N#CCC1=CC(S(=O)(=O)NC2C=NC3=CC=CC=C3C2)=CC=C1,0.936504643
CC=C(C)S(=O)(=O)C1=CC=CC(C2NCCC3=CC=CC=C32)=C1,0.936393576
CNS(=O)(=O)C1=C2C=C3CCC(OC)N(C)C3=CC2=CC(C)=C1,0.936383332
CCN(C1=CC=CC(S(C)(=O)=O)=C1)C1=C2CCNCC2=CC=C1,0.93637031
CCN1NC(CS(=O)(=O)C2=CC=CC(C)=C2)CC2=CC=CC=C21,0.93636078
CCN1C2=CC=CC=C2CNC1CS(=O)(=O)C1=CC=CC(C)=C1,0.93636078
CCC(C1CC2=CC=CC=C2CN1)S(=O)(=O)C1=CC=CC(C)=C1,0.936335943
CCC1(CS(=O)(=O)C2=CC=CC(C)=C2)CC2=CC=CC=C2CN1,0.936322603
CCS(=O)(=O)C1=CC=CC(C2=C(C)C(C3CCNC3)=NC=C2)=C1,0.936249962
CCC(C1=CC=CC(S(C)(=O)=O)=C1)C1=C2CCNCC2=CC=C1,0.93620097
CC(C1=CC2=CC=CC=C2OC1)S(=O)(=O)C1=CC=CC(CO)=C1,0.936156393
CCC1=CC=CC(S(=O)(=O)C2=C3C=C(CO)COC3=CC=C2)=C1,0.936145985
CC1=CC2=C(S(=O)(=O)C3=CC(CCO)=CC=C3)C=CC=C2OC1,0.936145985
CCS(=O)(=O)C1=C2C(=CC(C)=C1)C1=CC=CC=C1CN2CCN,0.936093307
CCS(=O)(=O)C1=CC2=C(C(C)=C1)C1=CC=CC=C1CN2CCN,0.936093307
CNS(=O)(=O)C1=CC=CC(C2=C3N=CC(F)(F)CC3=CC=C2)=C1,0.935905032
CC(=O)S(=O)(=O)C1=CC(NN2CCC3=CC=CC=C3C2)=CC=C1,0.935887951
CCS(=O)(=O)C1=CC=CC(C2=C(OC)C=C3CNCCC3=C2)=C1,0.935887333
CCS(=O)(=O)C1=CC=C(OC)C(C2=CC=C3CNCCC3=C2)=C1,0.935887333
CCS(=O)(=O)C1=CC=CC(C2=CC(OC)=C3CNCCC3=C2)=C1,0.935887333
CCS(=O)(=O)C1=CC(OC)=CC(C2=CC=C3CNCCC3=C2)=C1,0.935887333
CCS(=O)(=O)C1=C(OC)C=CC(C2=CC=C3CNCCC3=C2)=C1,0.935887333
CCS(=O)(=O)C1=CC=CC(C2=CC=C3CNCCC3=C2)=C1OC,0.935887333
CCS(=O)(=O)C1=CC=CC(C2=CC=C3CNCCC3=C2OC)=C1,0.935887333
COC(C)S(=O)(=O)C1=CC=CC(C2=CC=C3CNCCC3=C2)=C1,0.935870574
COC(C)S(=O)(=O)C1=CC=CC(C2=CC=C3CCNCC3=C2)=C1,0.935870574
CCS(=O)(=O)C1=CC=CC(C2=CC=C3CNC(OC)CC3=C2)=C1,0.935870574
CCS(=O)(=O)C1=C(C2=C[NH]C=C2)C(OC)=CC(C)=C1,0.935848722
CCS(=O)(=O)C1=C(C2=C(OC)[NH]C=C2)C=CC(C)=C1,0.935848722
CCS(=O)(=O)C1=C(C2=C[NH]C=C2OC)C=CC(C)=C1,0.935848722
CCS(=O)(=O)C1=C(C2=C[NH]C=C2)C=CC(C)=C1OC,0.935848722
CCS(=O)(=O)C1=C(C2=C[NH]C=C2)C=C(OC)C(C)=C1,0.935848722
CCS(=O)(=O)C1=C(C2=C[NH]C(OC)=C2)C=CC(C)=C1,0.935848722
CCC1C2=CC=CC=C2N=CN1NS(=O)(=O)C1=CC=CC(C)=C1,0.935831749
CC1=CC(S(=O)(=O)C(CO)C2=CC3=CC=CC=C3OC2)=CC=C1,0.935828471
COC(C)S(=O)(=O)C1=C(C2=C[NH]C=C2)C=CC(C)=C1,0.935826863
CCS(=O)(=O)C1=C2C(=CC(C)=C1)C1=CC=CC=C1CN2CCO,0.935822388
CCS(=O)(=O)C1=CC2=C(C(C)=C1)C1=CC=CC=C1CN2CCO,0.935822388
CC(N1CCCC2=CC=CC=C21)S(=O)(=O)C1=CC=CC(CO)=C1,0.935808685
COC(C)S(=O)(=O)C1=CC=CC(C2NCCC3=CC=CC=C32)=C1,0.935767413
CCS(=O)(=O)C1=CC=CC(C2=CC=C3C(=C2)CCNC3OC)=C1,0.935764203
CCS(=O)(=O)C1=CC=CC(C2=CC=C3CNCC(OC)C3=C2)=C1,0.935764203
CC1=CC(S(=O)(=O)N(C)CCN)=C2C(=C1)CCC1=CC=CC=C12,0.935725025
CCC1=CC(S(=O)(=O)NC2=C(C)COC3=CC=CC=C23)=CC=C1,0.935695325
CC1=CC(S(=O)(=O)N(C)CCO)=C2C(=C1)CCC1=CC=CC=C12,0.935648754
CN(C)CS(=O)(=O)C1=CC=CC(C2=CC=C3N=CNCC3=C2)=C1,0.935579435
CC(=O)NS(=O)(=O)C1=CC=CC(N2CCC3=CC=CC=C3C2)=C1,0.935524039
COC1=CC(S(=O)(=O)NC2=C(C)COC3=CC=CC=C23)=CC=C1,0.935523805
CCS(=O)(=O)C1=CC=CC(C2=CC=C3N=CNC(C)(C)C3=C2)=C1,0.93549111
COC1=C(NS(=O)(=O)C2=CC=CC(C)=C2)C2=CC=CC=C2OC1,0.9353914
CC1=CC2=CC3=C(C=C2C(S(=O)(=O)CCC2CC2)=C1)CCNC3,0.935323516
CC1=CC(S(=O)(=O)CCC2CC2)=CC2=C1C=C1CNCCC1=C2,0.935323516
CCC(C1=CC=C(C)C=C1)N(C(N)=O)C(=O)C1=CC=CC=C1,0.935283448
CC1=CC(S(=O)(=O)C(CO)N2CCCC3=CC=CC=C32)=CC=C1,0.935274104
CCNN1CCC2=CC3=C(S(=O)(=O)CC)C=C(C)C=C3C=C2C1,0.935242852
CNS(=O)(=O)C1=CC=CC(N2CCC3=CC=CC=C3C2CF)=C1,0.935117739
CNS(=O)(=O)C1=CC=CC(N2CC3=CC=CC=C3C(CF)C2)=C1,0.935117739
CC1=CC(S(=O)(=O)C(C)C2=C(O)C3=CC=CC=C3OC2)=CC=C1,0.935084165
CCN1CCC2=C(NC3=CC=CC(S(C)(=O)=O)=C3)C=CC=C2C1,0.935062619
CNS(=O)(=O)C1=CC=CC(N2CCC3=CC=CC=C3C2)=C1CF,0.935014739
CNS(=O)(=O)C1=CC=CC(N2CCC3=CC=C(CF)C=C3C2)=C1,0.935014739
CNS(=O)(=O)C1=CC(CF)=CC(N2CCC3=CC=CC=C3C2)=C1,0.935014739
CNS(=O)(=O)C1=CC=C(CF)C(N2CCC3=CC=CC=C3C2)=C1,0.935014739
CNS(=O)(=O)C1=CC=CC(N2CCC3=C(CF)C=CC=C3C2)=C1,0.935014739
CNS(=O)(=O)C1=C(CF)C=CC(N2CCC3=CC=CC=C3C2)=C1,0.935014739
CNS(=O)(=O)C1=CC=CC(N2CCC3=CC(CF)=CC=C3C2)=C1,0.935014739
CNS(=O)(=O)C1=CC=CC(N2CCC3=CC=CC(CF)=C3C2)=C1,0.935014739
CC1=NC(C2=CC=C(CS(=O)(=O)C3=CC=CC(C)=C3)C=N2)CN1,0.934961929
CC1=NCC(C2=CC=C(CS(=O)(=O)C3=CC=CC(C)=C3)C=N2)N1,0.934961929
CCN(C(=O)O)C1=CC2=C(S(=O)(=O)CC)C=C(C)C=C2C=N1,0.934872217
CNS(=O)(=O)C1=CC2=C(C(C)=C1)N(COC)C1=CC=CC=C1C2,0.93469192
CNS(=O)(=O)C1=CC2=C(CC3=CC=CC=C3N2COC)C(C)=C1,0.93469192
CC(CO)S(=O)(=O)C1=CC=CC(N2CCC3=CC=CC=C3C2)=C1,0.934585263
CCC1NC(CS(=O)(=O)C2=CC=CC(C)=C2)CC2=CC=CC=C21,0.934543564
CCC1C2=CC=CC=C2CNC1CS(=O)(=O)C1=CC=CC(C)=C1,0.934543564
CC1=NCCC1C1=CC(S(=O)(=O)CC2=CC=C(O)N=C2)=CC=C1,0.934532789
CNS(=O)(=O)C1=CC=CC(N2CC3=CC=CC=C3CC2CF)=C1,0.934520255
CCS(=O)(=O)C1=CC=CC(C2=C(C)C(C3CCCN3)=NC=C2)=C1,0.934494353
CC1=CC(S(=O)(=O)CC2=CC=C3CN(CO)C=NC3=C2)=CC=C1,0.934361017
CCN(C(N)=O)C1=CC2=C(S(=O)(=O)CC)C=C(C)C=C2C=N1,0.934192025
CNC1=CC(F)=C(C)C(F)=C1CS(=O)(=O)C1=CC=CC(C)=C1,0.934130911
CNC1=C(S(=O)(=O)CC2=C(F)C(C)=C(F)C=C2)C=C(C)C=C1,0.934130911
CNC1=CC=C(S(=O)(=O)CC2=C(F)C(C)=C(F)C=C2)C=C1C,0.934130911
CNC1=CC(C)=CC(S(=O)(=O)CC2=C(F)C(C)=C(F)C=C2)=C1,0.934130911
CNC1=CC(CS(=O)(=O)C2=CC=CC(C)=C2)=C(F)C(C)=C1F,0.934130911
CNC1=C(C)C=CC=C1S(=O)(=O)CC1=C(F)C(C)=C(F)C=C1,0.934130911
CCS(=O)(=O)C1=CC2=C(C(C)=C1)C(OC(=O)NC)=C(C)C(C)=C2,0.934113458
CCC1=NC2=CC(CS(=O)(=O)C3=CC=CC(C)=C3)=CC=C2CN1,0.934112378
CCC1=NC2=CC=CC(CS(=O)(=O)C3=CC=CC(C)=C3)=C2CN1,0.934112378
CCC1=CC=CC(S(=O)(=O)C2=C3C=C(C)COC3=C(O)C=C2)=C1,0.934056095
CCC1=CC=CC(S(=O)(=O)C2=C3C=C(C)COC3=CC=C2O)=C1,0.934056095
CCC1=C(O)C=CC(S(=O)(=O)C2=C3C=C(C)COC3=CC=C2)=C1,0.934056095
CCC1=CC(O)=CC(S(=O)(=O)C2=C3C=C(C)COC3=CC=C2)=C1,0.934056095
CCC1=CC=CC(S(=O)(=O)C2=C3C=C(C)COC3=CC(O)=C2)=C1,0.934056095
CCC1=CC=C(O)C(S(=O)(=O)C2=C3C=C(C)COC3=CC=C2)=C1,0.934056095
CCC1=CC=CC(S(=O)(=O)C2=C3C=C(C)COC3=CC=C2)=C1O,0.934056095
CCC1=C(NS(=O)(=O)C2=CC=CC(C)=C2)C2=CC=CC=C2OC1,0.934033862
O=S(=O)(C1=CC=C(Cl)C=C1)C1=CC=C2CNC(CF)CC2=C1,0.933990172
CCC1=CC=C2CCC(C3=CC(S(=O)(=O)NC)=CC=C3)CC2=C1,0.933926615
CCC1=C2CC(C3=CC(S(=O)(=O)NC)=CC=C3)CCC2=CC=C1,0.933926615
CCC1=C2CCC(C3=CC(S(=O)(=O)NC)=CC=C3)CC2=CC=C1,0.933926615
CCC1=CC=C2CC(C3=CC(S(=O)(=O)NC)=CC=C3)CCC2=C1,0.933926615
CCC1=C(S(=O)(=O)NC)C=C(C2CCC3=CC=CC=C3C2)C=C1,0.933926615
CCC1=CC(C2CCC3=CC=CC=C3C2)=CC(S(=O)(=O)NC)=C1,0.933926615
CCC1=CC=C(S(=O)(=O)NC)C=C1C1CCC2=CC=CC=C2C1,0.933926615
CCC1=C(C2CCC3=CC=CC=C3C2)C=CC=C1S(=O)(=O)NC,0.933926615
CCC1(C2=CC(S(=O)(=O)NC)=CC=C2)CCC2=CC=CC=C2C1,0.933904148
CC1=CC(S(=O)(=O)CC2=C3CN(CN)CCC3=CC=C2)=CC=C1,0.933726183
CC1=CC(S(=O)(=O)CC2=C3CCN(CN)CC3=CC=C2)=CC=C1,0.933726183
CC1=CC(S(=O)(=O)CC2=CC(F)=CC(C3(N)CC3C)=C2)=CC=C1,0.933699409
CC1=CC(S(=O)(=O)C2(C3=CC(F)=CC(CN)=C3)CC2C)=CC=C1,0.933699409
CC(C)CS(=O)(=O)C1=CC=CC(C2=CC=C3N=CNCC3=C2)=C1,0.933588456
CCS(=O)(=O)C1=CC2=C(C=C3CNCCC3=C2)C(CN(C)C)=C1,0.933580893
CC1=CC(S(=O)(=O)C(CO)N2C=NC3=CC=CC=C3C2)=CC=C1,0.933420528
CNS(=O)(=O)C1=C2C=C3CC(OC)CN(C)C3=CC2=CC(C)=C1,0.93340582
CCS(=O)(=O)C1=CC2=C(C=C3CN(CCO)C=NC3=C2)C(C)=C1,0.933281059
CC(F)(F)S(=O)(=O)C1=CC=CC(C2=C3N=CNCC3=CC=C2)=C1,0.933099258
CCS(=O)(=O)C1=CC2=C(C=C3CN(CCN)C=NC3=C2)C(C)=C1,0.933068672
CC(=O)N(C)S(=O)(=O)C1=CC=CC(C2=C(CN)SC=C2)=C1,0.933025253
O=S(=O)(C1=CC=C2CNCCC2=C1)C1=C(CF)C=C(Cl)C=C1,0.933013034
O=S(=O)(C1=CC=C2CNCCC2=C1)C1=CC=C(Cl)C=C1CF,0.933013034
O=S(=O)(C1=CC=C(Cl)C(CF)=C1)C1=CC=C2CNCCC2=C1,0.933013034
O=S(=O)(C1=CC(CF)=C(Cl)C=C1)C1=CC=C2CNCCC2=C1,0.933013034
O=S(=O)(C1=CC=C(Cl)C=C1)C1=CC=C2CNCCC2=C1CF,0.933013034
O=S(=O)(C1=CC=C(Cl)C=C1)C1=C(CF)C=C2CNCCC2=C1,0.933013034
O=S(=O)(C1=CC=C(Cl)C=C1)C1=CC(CF)=C2CNCCC2=C1,0.933013034
CCC1CC2=CC=CC=C2CC1C1=CC(S(=O)(=O)NC)=CC=C1,0.932933031
CCC1=CC=C2CNC3=C(S(=O)(=O)CC)C=C(C)C=C3C2=C1,0.932801434
CCC1=C2C3=CC=CC=C3CNC2=C(S(=O)(=O)CC)C=C1C,0.932801434
CCC1=C2C(=CC=C1)CNC1=C(S(=O)(=O)CC)C=C(C)C=C12,0.932801434
CCC1=C(C)C=C2C3=CC=CC=C3CNC2=C1S(=O)(=O)CC,0.932801434
CCC1=C2CNC3=C(S(=O)(=O)CC)C=C(C)C=C3C2=CC=C1,0.932801434
CCC1=CC=C2C(=C1)CNC1=C(S(=O)(=O)CC)C=C(C)C=C21,0.932801434
CCS(=O)(=O)C1=CC=CC(C2=C(C)C(N3CCCN3)=NC=C2)=C1,0.932795612
CNS(=O)(=O)C1=C2C=C3CCCN(COC)C3=CC2=CC(C)=C1,0.932760851
O=S(=O)(C1=CC=C(Cl)C=C1)C1=CC=C2CNCC(CF)C2=C1,0.932627884
O=S(=O)(C1=CC=C(Cl)C=C1)C1=CC=C2C(=C1)CCNC2CF,0.932627884
CC1=CC(S(=O)(=O)C(C)(C#N)C2=CC=C3CNCCC3=C2)=CC=C1,0.932605778
CCS(=O)(=O)C1=CC(C2=CC=CC=C2OC(=O)NC)=CC(C)=C1,0.932558995
CC=CNS(=O)(=O)C1=CN2CC3=CC=CC=C3CC2C(C)=C1,0.932514748
CC1=CC(S(=O)(=O)CC2CC3=CC=CC=C3CN2CN)=CC=C1,0.932484013
CC1=CC(S(=O)(=O)C(CN)N2CCC3=CC=CC=C3C2)=CC=C1,0.932484013
CNS(=O)(=O)C1=CC=CC(C2=CC=C3CCN(OC)CC3=C2)=C1,0.932253023
CNS(=O)(=O)C1=C2C(=CC(C=C(C)C)=C1)CCC1=CC=CC=C12,0.932233391
CCC1CN2C(C)=CC(S(=O)(=O)NC)=CC2C2=CC=CC=C21,0.932089734
CCC1=C(S(=O)(=O)NC)C=C(C)N2CCC3=CC=CC=C3C12,0.932061015
CCC1=C(C)N2CCC3=CC=CC=C3C2C=C1S(=O)(=O)NC,0.932061015
CCC1CC2=CC=CC=C2C2C=C(S(=O)(=O)NC)C=C(C)N12,0.932058633
CCS(=O)(=O)C1=CC=CC(C2=CC=NC(N)=C2N2CCCC2)=C1,0.931997625
CCS(=O)(=O)C1=CC2=C(CC3=CC=CC=C3C2NC(C)=O)C(C)=C1,0.93189125
CCS(=O)(=O)C1=CC2=C(C(C)=C1)C(NC(C)=O)C1=CC=CC=C1C2,0.93189125
CC=C(C)S(=O)(=O)C1=CC=CC(C2=C(NC(C)=O)N=CC=C2)=C1,0.931874405
CCS(=O)(=O)C1=CC=CC(C2CC3(CC4=CC=CC=C42)CC3N)=C1,0.93186879
CNS(=O)(=O)C1=C2C=C3CCCN(C)C3=CC2=CC(COC)=C1,0.931821189
CNC(=O)C(C)S(=O)(=O)C1=C2C(=CC(C)=C1)CCC1=CC=CC=C12,0.931819469
CNS(=O)(=O)C1=C2C3=CC=CC=C3CC(C)(C(C)=O)C2=CC(C)=C1,0.931774206
CNS(=O)(=O)C1=C2C(=CC(C)=C1)CC(C)(C(C)=O)C1=CC=CC=C12,0.931774206
CNS(=O)(=O)C1=C2C(=CC(C)=C1)C1=CC=CC=C1CC2(C)C(C)=O,0.931774206
CC1=CC(S(=O)(=O)CCN(C)C)=CC2=C1C=C1CNCCC1=C2,0.931769648
CCC1=C2CC(S(=O)(=O)C3=CC(NC)=CC=C3)CCC2=CC=C1,0.931667486
CCC1=C(S(=O)(=O)C2CCC3=CC=CC=C3C2)C=CC=C1NC,0.931667486
CCC1=C2CCC(S(=O)(=O)C3=CC(NC)=CC=C3)CC2=CC=C1,0.931667486
CCC1=CC=C2CC(S(=O)(=O)C3=CC(NC)=CC=C3)CCC2=C1,0.931667486
CCC1=CC=C(NC)C=C1S(=O)(=O)C1CCC2=CC=CC=C2C1,0.931667486
CCC1=CC(S(=O)(=O)C2CCC3=CC=CC=C3C2)=CC(NC)=C1,0.931667486
CCC1=CC=C2CCC(S(=O)(=O)C3=CC(NC)=CC=C3)CC2=C1,0.931667486
CCC1=C(NC)C=C(S(=O)(=O)C2CCC3=CC=CC=C3C2)C=C1,0.931667486
CC(=O)NC(C)S(=O)(=O)C1=C2C(=CC(C)=C1)CCC1=CC=CC=C12,0.931644261
CC(=O)NC1=C(CS(=O)(=O)C2=CC(C)=CC(C)=C2)C=CC(F)=C1,0.931533749
CC(=O)NC1=C(CS(=O)(=O)C2=CC=C(C)C(C)=C2)C=CC(F)=C1,0.931533749
CC(=O)NC1=C(CS(=O)(=O)C2=C(C)C=CC(C)=C2)C=CC(F)=C1,0.931533749
CC(=O)NC1=C(CS(=O)(=O)C2=CC=CC(C)=C2)C=CC(F)=C1C,0.931533749
CC(=O)NC1=C(CS(=O)(=O)C2=CC=CC(C)=C2C)C=CC(F)=C1,0.931533749
CC(=O)NC1=C(CS(=O)(=O)C2=CC=CC(C)=C2)C=C(C)C(F)=C1,0.931533749
CC(=O)NC1=C(CS(=O)(=O)C2=CC=CC(C)=C2)C(C)=CC(F)=C1,0.931533749
CNS(=O)(=O)C1=CC=CC(C2C3=CC=CC=C3CCN2OC)=C1,0.931477579
CCC12C=C(S(=O)(=O)NC)C=C(C)N1CCC1=CC=CC=C12,0.931399748
CCC1=C2C(=CC=C1)CCN1C(C)=CC(S(=O)(=O)NC)=CC21,0.931391396
CCC1=CC=C2CCN3C(C)=CC(S(=O)(=O)NC)=CC3C2=C1,0.931391396
CCC1=C2CCN3C(C)=CC(S(=O)(=O)NC)=CC3C2=CC=C1,0.931391396
CCC1=CC=C2C(=C1)CCN1C(C)=CC(S(=O)(=O)NC)=CC21,0.931391396
CC1=C(C2=CC(S(=O)(=O)CN3CCCC3)=CC=C2)C=CN=C1N,0.931157871
CCC1NC=NC2=CC=CC(CS(=O)(=O)C3=CC=CC(C)=C3)=C21,0.931118249
CCC1NC=NC2=CC(CS(=O)(=O)C3=CC=CC(C)=C3)=CC=C21,0.931118249
CCC(C1=C2CNC=NC2=CC=C1)S(=O)(=O)C1=CC=CC(C)=C1,0.931118249
CCC(C1=CC=C2CNC=NC2=C1)S(=O)(=O)C1=CC=CC(C)=C1,0.931118249
CC1=CC(S(=O)(=O)N(C)C2=CC=CC(S(N)=O)=C2)=CC=C1,0.930979694
CCC(=O)N1CC2=CC=CC=C2C2=CC(C)=CC(S(=O)(=O)NC)=C21,0.930937338
CC=CC1=CC(S(=O)(=O)NC)=CN2CC3=CC=CC=C3CC12,0.930871451
CCS(=O)(=O)C1=CC=CC(C2=C(C)C(N3CCNC3)=NC=C2)=C1,0.930632433
CCC1=CC=CC(S(=O)(=O)C2=C3C(O)=C(C)COC3=CC=C2)=C1,0.930431585
CCC1CC2=CC=CC=C2CC1S(=O)(=O)C1=CC(NC)=CC=C1,0.930227552
CC1=CC(S(=O)(=O)C2(C)NCC(N(C)C)C3=CC=CC=C32)=CC=C1,0.930128655
CC1=C(N(C)C)C(S(=O)(=O)C2(C)NCCC3=CC=CC=C32)=CC=C1,0.930125279
CC1=CC(S(=O)(=O)C2(C)NCCC3=CC(N(C)C)=CC=C32)=CC=C1,0.930125279
CC1=CC(S(=O)(=O)C2(C)NCCC3=C(N(C)C)C=CC=C32)=CC=C1,0.930125279
CC1=CC(S(=O)(=O)C2(C)NCCC3=CC=CC=C32)=CC=C1N(C)C,0.930125279
CC1=CC(S(=O)(=O)C2(C)NCCC3=CC=CC=C32)=C(N(C)C)C=C1,0.930125279
CC1=CC(S(=O)(=O)C2(C)NCCC3=CC=C(N(C)C)C=C32)=CC=C1,0.930125279
CC1=CC(S(=O)(=O)C2(C)NCCC3=CC=CC(N(C)C)=C32)=CC=C1,0.930125279
CC1=CC(S(=O)(=O)C2(C)NCCC3=CC=CC=C32)=CC(N(C)C)=C1,0.930125279
CC1=C(C2=CC(S(=O)(=O)C3(C)CCCC3)=CC=C2)C=CN=C1N,0.930038221
CC1=CC(S(=O)(=O)C2(C)NC(N(C)C)CC3=CC=CC=C32)=CC=C1,0.929992027
CC1=CC(S(=O)(=O)C(C)(N)C2C3=CC=CC=C3CCN2C)=CC=C1,0.929709202
CCS(=O)(=O)C1=CC2=C(CC3=CC=CC=C3N2NC(C)=O)C(C)=C1,0.929653957
CCS(=O)(=O)C1=CC2=C(C(C)=C1)N(NC(C)=O)C1=CC=CC=C1C2,0.929653957
CC(=O)N1CCC2=CC=CC=C2C1NS(=O)(=O)C1=CC=CC(C)=C1,0.929523864
CNS(=O)(=O)C1=CC=CC(C2=C3CN(C4CC4)CCC3=CC=C2)=C1,0.929425178
CN(C1CC1)S(=O)(=O)C1=CC=CC(C2=C3CNCCC3=CC=C2)=C1,0.929425178
CN(C1CC1)S(=O)(=O)C1=CC=CC(C2CNCC3=CC=CC=C32)=C1,0.929342303
CC1=CC(S(=O)(=O)N(C2CC2)C2NC=NC3=CC=CC=C32)=CC=C1,0.929333639
CC1=CC(S(=O)(=O)NC2C3=CC=CC=C3N=CN2C2CC2)=CC=C1,0.929333639
CNS(=O)(=O)C1=C2C(=CC(N(C)C(C)=O)=C1)CCC1=CC=CC=C12,0.929299386
CCN=C1NCC(CS(=O)(=O)C2=CC=CC(C)=C2)C2=CC=CC=C12,0.929290663
CC1=C(C2=CC(S(=O)(=O)CC3CCCC3)=CC=C2)C=CN=C1N,0.929288491
CNS(=O)(=O)C1=C2C=C3CCN(COC)CC3=CC2=CC(C)=C1,0.929258949
CNS(=O)(=O)C1=CC2=C(C=C3CN(COC)CCC3=C2)C(C)=C1,0.929258949
CCS(=O)(=O)C1=CC=CC(C2=C3CCNN(C(C)=O)C3=CC=C2)=C1,0.929211826
CCS(=O)(=O)C1=CC=CC(C2=C3C(=CC=C2)CNCN3C(C)=O)=C1,0.929211826
CC1=CC(S(=O)(=O)NC2CN(C3CC3)CC3=CC=CC=C32)=CC=C1,0.929174088
CC1=CC(S(=O)(=O)N(C2CC2)C2CNCC3=CC=CC=C32)=CC=C1,0.929174088
CCS(=O)(=O)C1=CC=CC(C2=C3CCN(C(N)=O)CC3=CC=C2)=C1,0.929095867
CCS(=O)(=O)C1=CC=CC(C2=C3CN(C(C)=O)NCC3=CC=C2)=C1,0.929020241
CCN=C1NCCC2=CC(C3=CC(S(=O)(=O)CC)=CC=C3)=CC=C12,0.928889955
CCN=C1CNCC2=CC=C(C3=CC(S(=O)(=O)CC)=CC=C3)C=C12,0.928889955
CCN=C1CNCC2=CC=CC(C3=CC(S(=O)(=O)CC)=CC=C3)=C12,0.928889955
CCN=C1NCCC2=C(C3=CC(S(=O)(=O)CC)=CC=C3)C=CC=C12,0.928889955
COC(C)(C)S(=O)(=O)C1=CC=C(C2=CC(O)=NC=N2)C(C)=C1,0.928864067
CCN=C1NCC2=CC=CC=C2C1CS(=O)(=O)C1=CC=CC(C)=C1,0.928827021
CCC(=O)N(C)S(=O)(=O)C1=C2NCC3=CC=CC=C3C2=CC(C)=C1,0.928774719
CCS(=O)(=O)C1=CC2=C(CC3=CC=CC=C3C2(N)C(C)=O)C(C)=C1,0.928665744
CCS(=O)(=O)C1=CC2=C(C(C)=C1)C(N)(C(C)=O)C1=CC=CC=C1C2,0.928665744
COC1(C)CNC(C)(S(=O)(=O)C2=CC=CC(C)=C2)C2=CC=CC=C21,0.928619551
CC1=CC(S(=O)(=O)C(CC#N)C2=CC=C3CNCCC3=C2)=CC=C1,0.928464264
CCCC1=CC(S(=O)(=O)NC)=CC2C3=CC=CC=C3CCN12,0.928445832
CCCNS(=O)(=O)C1=CC2C3=CC=CC=C3CCN2C(C)=C1,0.928445832
CC1=CC(S(=O)(=O)C(C)C2=CC3=CC=CC=C3OC2=CN)=CC=C1,0.928397017
COC1(C)CC2=CC=CC=C2C(C)(S(=O)(=O)C2=CC=CC(C)=C2)N1,0.928382611
CCS(=O)(=O)C1=CC2=C(C(C)=C1)C(N(C)C(=O)O)=C(C)C(C)=C2,0.928380185
CCS(=O)(=O)C1=CC(OC)=C(C2CCC(O)CC2)C(C)=C1,0.928318292
CCS(=O)(=O)C1=CC=C(C2CCC(O)CC2)C(C)=C1OC,0.928318292
CCS(=O)(=O)C1=C(OC)C=C(C2CCC(O)CC2)C(C)=C1,0.928318292
COC(C)S(=O)(=O)C1=CC=C(C2CCC(O)CC2)C(C)=C1,0.928309549
CC(=O)N(C1NCCC2=CC=CC=C21)S(=O)(=O)C1=CC=CC(C)=C1,0.928278083
CC1=CC(S(=O)(=O)CC2=C3CCN(C(N)=O)CC3=CC=C2)=CC=C1,0.928258796
CCS(=O)(=O)C1=CC=CC(C2(C3CC3)CNCC3=CC=CC=C32)=C1,0.928195771
CC1=C(C(C)(N)S(=O)(=O)C2=CC=CC(C)=C2)C2=CC=CC=C2OC1,0.92812353
CC1=CC(S(=O)(=O)C(C)(C)CN)=CC(C2=CC=C(F)C(C)=C2)=C1,0.928122468
CCN=C1CC2=CC(C3=CC(S(=O)(=O)CC)=CC=C3)=CC=C2CN1,0.928038597
CCN=C1CC2=C(C3=CC(S(=O)(=O)CC)=CC=C3)C=CC=C2CN1,0.928038597
CC(=O)C(C)NS(=O)(=O)C1=C2C(=CC(C)=C1)CCC1=CC=CC=C12,0.928030695
CC1=CC(S(=O)(=O)CC2C3=CC=CC=C3N=CN2C(N)=O)=CC=C1,0.927941068
CNS(=O)(=O)C1=C2C(=CC(C(C)C(C)=O)=C1)CCC1=CC=CC=C12,0.927896675
CC(=O)NC1=C(C(C)S(=O)(=O)C2=CC=CC(C)=C2)C=CC(F)=C1,0.927868854
CCS(=O)(=O)C1=CC=C(C2(OC)CCC(O)CC2)C(C)=C1,0.927856214
CCS(=O)(=O)C1=C2C(=O)NCCC2=C(C2=CN=CC(C)=C2)C(C)=C1,0.927771144
CCS(=O)(=O)C1=CC=CC(C2C3=CC=CC=C3CNN2C2CC2)=C1,0.927722287
CC1=CC(S(=O)(=O)C(C=CN)C2=CC3=CC=CC=C3OC2)=CC=C1,0.927680264
CC1=CC(S(=O)(=O)C(C)CO)=CC2C3=CC=CC=C3CCN12,0.927629406
CNS(=O)(=O)C1=CC=CC(C2=CC=C3N=CN(C(C)C)CC3=C2)=C1,0.927521392
CC(C)N(C)S(=O)(=O)C1=CC=CC(C2=CC=C3N=CNCC3=C2)=C1,0.927521392
CCS(=O)(=O)C1=CC=CC(C2CNN(C3CC3)C3=CC=CC=C32)=C1,0.927514212
CC1=CC(S(=O)(=O)C2(C)NC=NC3=CC=CC=C32)=CC=C1,0.927443748
CCS(=O)(=O)C1=CC=CC(C)=C1CN1CC2=CC=CC=C2C1=CN,0.927406688
CCS(=O)(=O)C1=CC=CC(C)=C1C(=CN)N1CC2=CC=CC=C2C1,0.927406688
CC1=C(C(C)(O)S(=O)(=O)C2=CC=CC(C)=C2)C2=CC=CC=C2OC1,0.927404122
CC(C)N(C)S(=O)(=O)C1=CC=CC(C2=CC=C3CNCCC3=C2)=C1,0.927399734
CNS(=O)(=O)C1=CC=CC(C2=CC=C3CN(C(C)C)CCC3=C2)=C1,0.927399734
CCN=C1CCC2=C(C3=CC(S(=O)(=O)NC)=CC=C3)C=CC=C2C1,0.927367253
CCS(=O)(=O)C1=C(C2=CC=NC=C2C)C2=C(CNCC2C)C(C)=C1,0.927352521
CCS(=O)(=O)C1=C(C2=C3C(=NC=C2C)CNCC3C)C=CC(C)=C1,0.927352521
CCCN(C1=NC2=CC=CC=C2CN1)S(=O)(=O)C1=CC=CC(C)=C1,0.927266579
CCCN1CC2=CC=CC=C2N=C1NS(=O)(=O)C1=CC=CC(C)=C1,0.927266579
CCS(=O)(=O)C1=CC=C(C2CCC(O)CC2OC)C(C)=C1,0.927238811
CCS(=O)(=O)C1=CC=C(C2CCC(O)C(OC)C2)C(C)=C1,0.927238811
CC(=CN)S(=O)(=O)C1=CC=CC(C)=C1CN1CC2=CC=CC=C2C1,0.927210049
CC(C)=CNS(=O)(=O)C1=C2C(=CC(C)=C1)CCC1=CC=CC=C12,0.927197224
CC1=C(C2=CC3=CC=CC=C3OC2)C(S(=O)(=O)CC=CN)=CC=C1,0.927195868
CC(=CN)S(=O)(=O)C1=CC=CC(C)=C1C1=CC2=CC=CC=C2OC1,0.9271844
CCS(=O)(=O)C1=CC=CC(C)=C1C1=CC2=CC=CC=C2OC1=CN,0.9271844
CCC(=O)C1CC2=CC=CC=C2C2=CC(C)=CC(S(=O)(=O)NC)=C21,0.927173737
CCC(=O)C1CC2=CC=CC=C2C2=C(S(=O)(=O)NC)C=C(C)C=C21,0.927173737
CCC(=O)C1CC2=CC(C)=CC(S(=O)(=O)NC)=C2C2=CC=CC=C21,0.927173737
CNS(=O)(=O)C1=C2C(=CC(C)=C1)C1=CC=CC=C1CC2CC(C)=O,0.927173737
CC(=O)C(C)S(=O)(=O)C1=CC=CC(C2=C3CCNCC3=CC=C2)=C1,0.92708936
CCS(=O)(=O)C1=CC=CC(C2=C3CC(C(C)=O)NCC3=CC=C2)=C1,0.92708936
CCS(=O)(=O)C1=CC=CC(C2=C3CCC(C(N)=O)CC3=CC=C2)=C1,0.927067649
C=C1NCCC2=CC3=C(C=C12)C(C)=CC(S(=O)(=O)CC)=C3,0.92705977
C=C1CNCC2=CC3=C(C=C(S(=O)(=O)CC)C=C3C)C=C12,0.92705977
CCS(=O)(=O)C1=CC=CC(C2=C3C(=CC=C2)CNCC3C(C)=O)=C1,0.92702459
CCS(=O)(=O)C1=CC=CC(C2=C3CCNC(C(C)=O)C3=CC=C2)=C1,0.92702459
C=C1CC2=CC3=C(C=C2CN1)C(C)=CC(S(=O)(=O)CC)=C3,0.926865868
C=C(C)S(=O)(=O)C1=CC2=C(C=C3CNCCC3=C2)C(C)=C1,0.926865868
CCC1(S(=O)(=O)C2=CC(NC)=CC=C2)CCC2=CC=CC=C2C1,0.926826673
CCS(=O)(=O)C1=CC2=C(C=C3CC4(N)CC4CC3=C2)C(C)=C1,0.92676209
CCC1CC(C2=CC(S(=O)(=O)NC)=CC=C2)CC2=CC=CC=C21,0.926713347
CCC1C2=CC=CC=C2CCC1C1=CC(S(=O)(=O)NC)=CC=C1,0.926713347
CNS(=O)(=O)C1=CC2=C(CC3=CC=CC=C3C2C)C(C)=C1,0.926708328
CNS(=O)(=O)C1=CC2=C(C(C)=C1)C(C)C1=CC=CC=C1C2,0.926708328
CCS(=O)(=O)C1=CC2=C(CC(C)(C(=O)O)C3=CC=CC=C23)C(C)=C1,0.926682641
CCS(=O)(=O)C1=CC2=C(C(C)=C1)C(C)(C(=O)O)CC1=CC=CC=C12,0.926682641
CCS(=O)(=O)C1=CC2=C(C=C3C(=C2)CCC2C(N)C32)C(C)=C1,0.926680423
CC1=CC(S(=O)(=O)C2(C)C3=CC=CC=C3CCC2N)=CC=C1,0.926620036
CC(C1=CC2=CC=CC=C2OC1)S(=O)(=O)C1=CC=CC(C=CN)=C1,0.926619342
CC(=O)N(C)S(=O)(=O)C1=CC=CC(C2=C3CCNCC3=CC=C2)=C1,0.926602687
CNS(=O)(=O)C1=CC2=C(C(C)=C1)C1=CC=CC=C1CC2(C)COC,0.926586189
CCS(=O)(=O)C1=CC=C(N(C)C)C(C2NCCC3=CC=CC=C32)=C1,0.926522141
CCS(=O)(=O)C1=CC(N(C)C)=CC(C2NCCC3=CC=CC=C32)=C1,0.926522141
CCS(=O)(=O)C1=C(N(C)C)C=CC(C2NCCC3=CC=CC=C32)=C1,0.926522141
CCS(=O)(=O)C1=CC=CC(C2NCCC3=CC=C(N(C)C)C=C32)=C1,0.926522141
CCS(=O)(=O)C1=CC=CC(C2NCCC3=CC(N(C)C)=CC=C32)=C1,0.926522141
CCS(=O)(=O)C1=CC=CC(C2NCCC3=C(N(C)C)C=CC=C32)=C1,0.926522141
CCS(=O)(=O)C1=CC=CC(C2NCCC3=CC=CC=C32)=C1N(C)C,0.926522141
CCS(=O)(=O)C1=CC=CC(C2NCCC3=CC=CC(N(C)C)=C32)=C1,0.926522141
CCS(=O)(=O)C1=CC=CC(C2NCC(N(C)C)C3=CC=CC=C32)=C1,0.926519026
CC1=C(C(CN)S(=O)(=O)C2=CC=CC(C)=C2)C2=CC=CC=C2OC1,0.926496202
CCS(=O)(=O)C1=CC2=C(C=C3CC4C(N)C4CC3=C2)C(C)=C1,0.926485586
CCCC1=CC(S(=O)(=O)CC)=C2NCC3=CC=CC=C3C2=C1,0.926465014
CC1=NCCN1C1=CC(S(=O)(=O)CC2=CC=C(O)N=C2)=CC=C1,0.926325709
CCS(=O)(=O)C1=CC2=C(C=C3C(=C2)CCC2CC32N)C(C)=C1,0.926282037
CCOC1(C)C2=CC=CC=C2CC2=C1C(C)=CC(S(=O)(=O)NC)=C2,0.926254606
CCOC1(C)C2=CC=CC=C2CC2=C1C=C(S(=O)(=O)NC)C=C2C,0.926254606
CC1=CC(S(=O)(=O)C(C)(C)C(=O)O)=C2C(=C1)CCC1=CC=CC=C12,0.926206258
CC1=CC(S(=O)(=O)C(C)(C)C(=O)O)=CC2=C1CCC1=CC=CC=C12,0.926206258
CCS(=O)(=O)C1=C2C=C3C(=CC2=CC(C)=C1)CNC1CC31C,0.926199942
CCS(=O)(=O)C1=CC=CC(C2NC(N(C)C)CC3=CC=CC=C32)=C1,0.926197259
CC(N(C)C)S(=O)(=O)C1=CC=CC(C2NCCC3=CC=CC=C32)=C1,0.926197259
CC1=CC(S(=O)(=O)C2(C)C3=CC=CC=C3CCC2(C)CN)=CC=C1,0.926192901
CCNN1CCC2=CC=CC=C2C1(C)S(=O)(=O)C1=CC=CC(C)=C1,0.92617083
CC(=O)CN(C)S(=O)(=O)C1=C2NCC3=CC=CC=C3C2=CC(C)=C1,0.926083002
CC1=C(C(CO)S(=O)(=O)C2=CC=CC(C)=C2)C2=CC=CC=C2OC1,0.926014361
CCNN1CC2=CC=CC=C2CC1(C)S(=O)(=O)C1=CC=CC(C)=C1,0.926001946
CN(C)CC1=CC(S(=O)(=O)C2(C)NCCC3=CC=CC=C32)=CC=C1,0.925973691
CC1=CC(S(=O)(=O)NC2=C3C=C(N(C)C)COC3=CC=C2)=CC=C1,0.92588384
CCS(=O)(=O)C1=C2C=C3C(=CC2=CC(C)=C1)CNC1C(C)C31,0.925833201
CC(=O)NS(=O)(=O)C1=CC=CC(CC2=CC3=CC=CC=C3OC2)=C1,0.925823364
CCS(=O)(=O)C1=CC=CC(C=CN)=C1C1=CC2=CC=CC=C2OC1,0.925817258
CC(C1CC1)S(=O)(=O)C1=CC=CC(C2CNCC3=CC=CC=C32)=C1,0.925775128
CCS(=O)(=O)C1=CC=CC(C2C3=CC=CC=C3CNC2C2CC2)=C1,0.925775128
CCC1(N)C2=CC=CC=C2CCN1C1=CC(S(=O)(=O)CC)=CC=C1,0.925739047
CCC1(N)CN(C2=CC(S(=O)(=O)CC)=CC=C2)CC2=CC=CC=C21,0.925739047
CNC1=CC=C2CN(C)C(=O)C2=C1CS(=O)(=O)C1=CC=CC(C)=C1,0.925730898
CNC1=C2CN(C)C(=O)C2=C(CS(=O)(=O)C2=CC=CC(C)=C2)C=C1,0.925730898
CNC1=CC=C(S(=O)(=O)CC2=C3C(=O)N(C)CC3=CC=C2)C=C1C,0.925730898
CNC1=C(S(=O)(=O)CC2=C3C(=O)N(C)CC3=CC=C2)C=C(C)C=C1,0.925730898
CNC1=CC(C)=CC(S(=O)(=O)CC2=C3C(=O)N(C)CC3=CC=C2)=C1,0.925730898
CNC1=C(C)C=CC=C1S(=O)(=O)CC1=C2C(=O)N(C)CC2=CC=C1,0.925730898
CNC1=CC(CS(=O)(=O)C2=CC=CC(C)=C2)=C2C(=O)N(C)CC2=C1,0.925730898
COCC1CC2=CC=CC=C2C(C)(S(=O)(=O)C2=CC=CC(C)=C2)N1,0.925723922
COC(C)C1(S(=O)(=O)C2=CC=CC(C)=C2)NCCC2=CC=CC=C21,0.925723922
COCC1(C)NCCC2=C(S(=O)(=O)C3=CC(C)=CC=C3)C=CC=C21,0.925721186
COCC1(C)CNCC2=CC=CC(S(=O)(=O)C3=CC(C)=CC=C3)=C21,0.925721186
COCC1(C)CC2=C(S(=O)(=O)C3=CC(C)=CC=C3)C=CC=C2CN1,0.925691515
CCS(=O)(=O)C1=C2C(=CC(C)=C1)C1=CC=CC=C1CC2OC(N)=O,0.925615828
COCC1=C2C(=CC=C1)CCNC2(C)S(=O)(=O)C1=CC=CC(C)=C1,0.925610194
COCC1=C(C)C=CC=C1S(=O)(=O)C1(C)NCCC2=CC=CC=C21,0.925610194
COCC1=C2CCNC(C)(S(=O)(=O)C3=CC=CC(C)=C3)C2=CC=C1,0.925610194
COCC1=CC=C2CCNC(C)(S(=O)(=O)C3=CC=CC(C)=C3)C2=C1,0.925610194
COCC1=CC=C2C(=C1)CCNC2(C)S(=O)(=O)C1=CC=CC(C)=C1,0.925610194
COCC1=CC=C(S(=O)(=O)C2(C)NCCC3=CC=CC=C32)C=C1C,0.925610194
COCC1=C(S(=O)(=O)C2(C)NCCC3=CC=CC=C32)C=C(C)C=C1,0.925610194
COCC1=CC(C)=CC(S(=O)(=O)C2(C)NCCC3=CC=CC=C32)=C1,0.925610194
COC(C)(C1=C2CNCCC2=CC=C1)S(=O)(=O)C1=CC=CC(C)=C1,0.925610194
CCS(=O)(=O)C1=CC=CC(C2=CC=NC(N)=C2C2CCCC2)=C1,0.925581464
CCS(=O)(=O)C1=CC=CC(C2=CC(OC)=C(N)CC2)=C1,0.9255789
CCS(=O)(=O)C1=CC=CC(C2=C(N)C(OC)=CCC2)=C1,0.9255789
COC1=CCCC(C2=CC(S(=O)(=O)C(C)N)=CC=C2)=C1,0.925570918
CCC1(N)CC2=CC=CC=C2CN1C1=CC(S(=O)(=O)CC)=CC=C1,0.925537919
CCC(C)(N)S(=O)(=O)C1=CC=CC(N2CCC3=CC=CC=C3C2)=C1,0.925537919
CC1=CC(S(=O)(=O)C2(C)CC3=CC=CC=C3CN2CCN)=CC=C1,0.925530759
COCC1CNC(C)(S(=O)(=O)C2=CC=CC(C)=C2)C2=CC=CC=C21,0.92551672
COCC1=C(C)C=CC=C1S(=O)(=O)C1(C)CC2=CC=CC=C2CN1,0.925510375
COCC1=CC(C)=CC(S(=O)(=O)C2(C)CC3=CC=CC=C3CN2)=C1,0.925510375
COCC1=C(S(=O)(=O)C2(C)CC3=CC=CC=C3CN2)C=C(C)C=C1,0.925510375
COCC1=C2CC(C)(S(=O)(=O)C3=CC=CC(C)=C3)NCC2=CC=C1,0.925510375
COCC1=CC=C(S(=O)(=O)C2(C)CC3=CC=CC=C3CN2)C=C1C,0.925510375
COCC1=C2CNC(C)(S(=O)(=O)C3=CC=CC(C)=C3)CC2=CC=C1,0.925510375
COCC1=CC=C2CC(C)(S(=O)(=O)C3=CC=CC(C)=C3)NCC2=C1,0.925510375
COCC1=CC=C2CNC(C)(S(=O)(=O)C3=CC=CC(C)=C3)CC2=C1,0.925510375
CC1=CC(S(=O)(=O)CC2=CC=C3CN(C(C)O)CCC3=C2)=CC=C1,0.925509496
CC1=CC(S(=O)(=O)NC2=CC=C3CCN(N(C)C)CC3=C2)=CC=C1,0.925487498
CCS(=O)(=O)C1=C2C(=CC(C)=C1)C1=CC=CC=C1CN2C=CCO,0.925470951
COCC1C2=CC=CC=C2CNC1(C)S(=O)(=O)C1=CC=CC(C)=C1,0.925386207
COCC1NC(C)(S(=O)(=O)C2=CC=CC(C)=C2)CC2=CC=CC=C21,0.925386207
CCC1(C)C2=CC=CC=C2N=CN1C1=CC(S(=O)(=O)NC)=CC=C1,0.925348322
CC1=CC(S(=O)(=O)C2(C)CN(CCN)CC3=CC=CC=C32)=CC=C1,0.925318084
CC1=CC(S(=O)(=O)C2(C)C3=CC=CC=C3CCN2CCN)=CC=C1,0.925318084
CNS(=O)(=O)C1=C2C(=CC(C)=C1)C1=CC=CC=C1CN2CC(C)=O,0.925254983
CCS(=O)(=O)C1=CC=CC(C2(N(C)C)NCCC3=CC=CC=C32)=C1,0.92519667
CC1=CC(S(=O)(=O)C2(C)CC3=CC=CC=C3CN2CCO)=CC=C1,0.925099335
CC1=NCC2=C1C=C(CN)C(CS(=O)(=O)C1=CC=CC(C)=C1)=C2F,0.925051076
CC1=NCC2=C1C(C)=CC(S(=O)(=O)CC1=C(F)C=CC=C1CN)=C2,0.925051076
CC1=NCC2=C(S(=O)(=O)CC3=C(F)C=CC=C3CN)C=C(C)C=C12,0.925051076
CC1=NCC2=CC(F)=C(CS(=O)(=O)C3=CC=CC(C)=C3)C(CN)=C12,0.925051076
CC1=CC(S(=O)(=O)C2(C)C3=CC=CC=C3CCC2(C)CO)=CC=C1,0.924931335
CC1=CC(S(=O)(=O)C2(C)CN(CCO)CC3=CC=CC=C32)=CC=C1,0.924907719
CC1=CC(S(=O)(=O)C2(C)C3=CC=CC=C3CCN2CCO)=CC=C1,0.924907719
CC1=CC2=C(C3=CC(S(=O)(=O)C(C)CN)=CC=C3)C=CC=C2OC1,0.924873628
CCC(C)S(=O)(=O)C1=C2NCC3=CC=CC=C3C2=CC(C)=C1,0.92482733
CC1=CC(S(=O)(=O)C2(CN(C)C)NCCC3=CC=CC=C32)=CC=C1,0.924800988
CCOC1CC2=CC=CC=C2C(C)(S(=O)(=O)C2=CC=CC(C)=C2)N1,0.924781696
CCN=C1CC2=CC=CC=C2C2C=C(S(=O)(=O)NC)C=C(C)N12,0.924703295
CCS(=O)(=O)C1=CC2=C(C(C)=NC2)C(C2=CC=C(CN)C=C2F)=C1,0.924569534
CCS(=O)(=O)C1=CC=CC(C2=C3CN=C(C)C3=C(CN)C=C2F)=C1,0.924569534
CCS(=O)(=O)C1=C2CN=C(C)C2=CC(C2=CC=C(CN)C=C2F)=C1,0.924569534
CCOC1=CC=C2CCNC(C)(S(=O)(=O)C3=CC=CC(C)=C3)C2=C1,0.924557261
CCOC1=CC(C)=CC(S(=O)(=O)C2(C)NCCC3=CC=CC=C32)=C1,0.924557261
CCOC1=C2C(=CC=C1)CCNC2(C)S(=O)(=O)C1=CC=CC(C)=C1,0.924557261
CCOC1=CC=C2C(=C1)CCNC2(C)S(=O)(=O)C1=CC=CC(C)=C1,0.924557261
CCOC1=CC=C(S(=O)(=O)C2(C)NCCC3=CC=CC=C32)C=C1C,0.924557261
CCOC1=C(S(=O)(=O)C2(C)NCCC3=CC=CC=C32)C=C(C)C=C1,0.924557261
CCOC1=C(C)C=CC=C1S(=O)(=O)C1(C)NCCC2=CC=CC=C21,0.924557261
CCOC1=C2CCNC(C)(S(=O)(=O)C3=CC=CC(C)=C3)C2=CC=C1,0.924557261
COC(C)C1=CC(S(=O)(=O)C2(C)NCCC3=CC=CC=C32)=CC=C1,0.924555417
CNS(=O)(=O)C1=CC=CC(C2=C(C)C(C)(F)OC3=CC=CC=C23)=C1,0.924552594
CCS(=O)(=O)C1=CC2=C(CCC3=CC=C(CC(=O)O)C=C32)C(C)=C1,0.924533642
CCS(=O)(=O)C1=CC2=C(CCC3=C(CC(=O)O)C=CC=C23)C(C)=C1,0.924533642
CCS(=O)(=O)C1=CC2=C(CCC3=CC(CC(=O)O)=CC=C32)C(C)=C1,0.924533642
CCS(=O)(=O)C1=CC2=C(CCC3=CC=CC(CC(=O)O)=C32)C(C)=C1,0.924533642
CCS(=O)(=O)C1=C(CC(=O)O)C2=C(CCC3=CC=CC=C32)C(C)=C1,0.924533642
CCS(=O)(=O)C1=CC2=C(CCC3=CC=CC=C32)C(C)=C1CC(=O)O,0.924533642
CC1=CC(S(=O)(=O)C(CN)C2C3=CC=CC=C3CCN2C)=CC=C1,0.924497358
CCS(=O)(=O)C1=CC=CC(C2=C(C)C(N)=NC3CCCN23)=C1,0.924381368
CCS(=O)(=O)C1=CC=CC(C2=C(C)C(N)=NN3CCCC23)=C1,0.924381368
CNS(=O)(=O)C1=CC=CC(C2=C(C(C)F)COC3=CC=CC=C23)=C1,0.924334044
CNS(=O)(=O)C1=CC=CC(C2=C(C)C(CF)OC3=CC=CC=C23)=C1,0.924334044
CCS(=O)(=O)C1=CC=C(C2CC2)C(C2CNCC3=CC=CC=C32)=C1,0.924231373
CCS(=O)(=O)C1=C(C2CC2)C=CC(C2CNCC3=CC=CC=C32)=C1,0.924231373
CCS(=O)(=O)C1=CC(C2CC2)=CC(C2CNCC3=CC=CC=C32)=C1,0.924231373
CCS(=O)(=O)C1=CC=CC(C2CNCC3=C(C4CC4)C=CC=C32)=C1,0.924231373
CCS(=O)(=O)C1=CC=CC(C2CNCC3=CC(C4CC4)=CC=C32)=C1,0.924231373
CCS(=O)(=O)C1=CC=CC(C2CNCC3=CC=C(C4CC4)C=C32)=C1,0.924231373
CCS(=O)(=O)C1=CC=CC(C2CNCC3=CC=CC(C4CC4)=C32)=C1,0.924231373
CCS(=O)(=O)C1=CC=CC(C2CNCC3=CC=CC=C32)=C1C1CC1,0.924231373
CC1=CC(S(=O)(=O)CC2=C(C)N=CN=C2O)=C2CCC(C)CC2=C1,0.924144273
CC1=CC(S(=O)(=O)CC2=C(C)N=CN=C2O)=CC2=C1CC(C)CC2,0.924144273
CCC1(OC)CC2=CC=CC=C2C2=C1C=C(S(=O)(=O)NC)C=C2C,0.924126284
CC1=CC2=CC3=C(S(=O)(=O)C(C)N)C=C(C)C=C3C=C2OC1,0.924107207
CC1=CC(S(=O)(=O)C(C)CC2=C3CC(O)CC3=CC(F)=C2)=CC=C1,0.924069053
CC1=CC(S(=O)(=O)C(C)CC2=CC3=C(CC(O)C3)C(F)=C2)=CC=C1,0.924069053
CC1=CC(S(=O)(=O)C(C)CC2=CC=CC(F)=C2)=C2CC(O)CC2=C1,0.924069053
CC1=CC(S(=O)(=O)C(C)CC2=CC=CC(F)=C2)=CC2=C1CC(O)C2,0.924069053
CC1=CC(S(=O)(=O)CC2=CC=C3CC(C(C)O)CCC3=C2)=CC=C1,0.924057611
CCS(=O)(=O)C1=C2C=C3N=CNCC3=CC2=CC(C)=C1,0.924014994
CCS(=O)(=O)C1=CC2=C(C=C3CNC=NC3=C2)C(C)=C1,0.924014994
CC1=CC(S(=O)(=O)CC(C)C(=O)O)=CC2=C1CCC1=CC=CC=C12,0.923998325
CC1=CC2=C(C3=CC(S(=O)(=O)C(C)(C)N)=CC=C3)C=CC=C2OC1,0.923989212
CC1=CC2=C(NS(=O)(=O)C3=CC=CC(N(C)C)=C3)C=CC=C2OC1,0.923981568
CNC1C2=CC=CC(CS(=O)(=O)C3=CC=CC(C)=C3)=C2C(=O)N1C,0.923933702
CNC(C1=C2C(=O)N(C)CC2=CC=C1)S(=O)(=O)C1=CC=CC(C)=C1,0.923933702
CCC(C)(O)S(=O)(=O)C1=CC2C3=CC=CC=C3CCN2C(C)=C1,0.923888048
CC1=CC(S(=O)(=O)NC2CN(N(C)C)CC3=CC=CC=C32)=CC=C1,0.923851331
CC1=C(C2CCC3=CC=CC=C3O2)C(S(=O)(=O)C(C)CN)=CC=C1,0.923838647
CCS(=O)(=O)C1=C2C=C3C(=CC2=CC(C)=C1)CNCC3(C)COC,0.923811931
CCS(=O)(=O)C1=C2C=C3CCNC(C)(COC)C3=CC2=CC(C)=C1,0.923811931
CC1=C(C2CCC3=CC=CC=C3O2)C(S(=O)(=O)C(C)(C)N)=CC=C1,0.923757237
CCCN1CC2=CC=CC=C2C(C)(S(=O)(=O)C2=CC=CC(C)=C2)N1,0.92375692
CC(F)S(=O)(=O)C1=CC=CC(CC2=CC=C(CN)C=C2)=C1,0.923734272
COCC(C)(C)S(=O)(=O)C1=C2C=C3CCNCC3=CC2=CC(C)=C1,0.923700934
CCS(=O)(=O)C1=C2C=C3CC(C)(COC)NCC3=CC2=CC(C)=C1,0.923700934
CC1=CC(S(=O)(=O)N(C)CC(=O)O)=C2C(=C1)CCC1=CC=CC=C12,0.923609033
CCS(=O)(=O)C1=CC=CC(CC2=C(F)C=C(CN)C=C2)=C1,0.92357744
CCS(=O)(=O)C1=CC=CC(CC2=CC=C(CN)C=C2)=C1F,0.92357744
CCS(=O)(=O)C1=CC=CC(CC2=CC=C(CN)C=C2F)=C1,0.92357744
CCS(=O)(=O)C1=CC=CC(CC2=CC(F)=C(CN)C=C2)=C1,0.92357744
CCS(=O)(=O)C1=CC=CC(CC2=CC=C(CN)C(F)=C2)=C1,0.92357744
CCS(=O)(=O)C1=CC(F)=CC(CC2=CC=C(CN)C=C2)=C1,0.92357744
CCS(=O)(=O)C1=C(F)C=CC(CC2=CC=C(CN)C=C2)=C1,0.92357744
CC1=CC(S(=O)(=O)C(C)(C)CO)=CC2C3=CC=CC=C3CCN12,0.923545705
CCN=C1CN2C(C)=CC(S(=O)(=O)NC)=CC2C2=CC=CC=C12,0.923515356
CC1=CC(S(=O)(=O)CC2C3=CC=CC=C3CCC2(C)CO)=CC=C1,0.923476648
CCS(=O)(=O)C1=CC=CC(C(F)C2=CC=C(CN)C=C2)=C1,0.923462984
CCOC1CNC(C)(S(=O)(=O)C2=CC=CC(C)=C2)C2=CC=CC=C21,0.923458034
CNS(=O)(=O)C1=CC(CF)=CC(C2=C(C)COC3=CC=CC=C23)=C1,0.923393939
CNS(=O)(=O)C1=CC=C(CF)C(C2=C(C)COC3=CC=CC=C23)=C1,0.923393939
CNS(=O)(=O)C1=CC=CC(C2=C(C)COC3=C(CF)C=CC=C23)=C1,0.923393939
CNS(=O)(=O)C1=CC=CC(C2=C(C)COC3=CC(CF)=CC=C23)=C1,0.923393939
CNS(=O)(=O)C1=CC=CC(C2=C(C)COC3=CC=CC=C23)=C1CF,0.923393939
CNS(=O)(=O)C1=CC=CC(C2=C(C)COC3=CC=CC(CF)=C23)=C1,0.923393939
CNS(=O)(=O)C1=C(CF)C=CC(C2=C(C)COC3=CC=CC=C23)=C1,0.923393939
CNS(=O)(=O)C1=CC=CC(C2=C(C)COC3=CC=C(CF)C=C23)=C1,0.923393939
CCC1(N)CCC2=CC=CC=C2C1(C)S(=O)(=O)C1=CC=CC(C)=C1,0.923384316
CC1=CC(S(=O)(=O)NC2=CC=C3CC(C)(C#N)CCC3=C2)=CC=C1,0.92331485
CNC(C1=C2C=C(C)COC2=CC=C1)S(=O)(=O)C1=CC=CC(C)=C1,0.923282334
CCS(=O)(=O)C1=CC2=C(C=C3CC(=N)CCC3=C2)C(C)=C1,0.92328091
CCCN1CNC(C)(S(=O)(=O)C2=CC=CC(C)=C2)C2=CC=CC=C21,0.923221525
CNS(=O)(=O)C1=CC=CC(C)=C1CC1=CC=CC(OC)=C1,0.923175379
CCS(=O)(=O)C1=CN2CCCC2C(C2=C(C)C(N)=NC=C2)=C1,0.923165016
CCS(=O)(=O)C1=CC2CCCN2C(C2=C(C)C(N)=NC=C2)=C1,0.923165016
CCS(=O)(=O)C1=CC=CC(C2=CC(OC)=CC(N)C2)=C1,0.922948861
CCS(=O)(=O)C1=CC=CC(C2=CC(OC)=CCC2N)=C1,0.922948861
CCS1=NC2=CC=CC=C2CN1C1=CC(S(=O)(=O)NC)=CC=C1,0.922924164
CCNC1CCC2=C(C=C(S(=O)(=O)CC)C=C2C)C1=C(C)C,0.922916493
CCNC1CC(=C(C)C)C2=C(C=C(S(=O)(=O)CC)C=C2C)C1,0.922916493
CCS(=O)(=O)C1=CC=CC(C2CNC(C3CC3)C3=CC=CC=C32)=C1,0.922877049
CC1=CC(S(=O)(=O)CC2=C(C)N=CN=C2O)=CC2=C1C(C)CCC2,0.922851377
CC1=CC(S(=O)(=O)CC2=C(C)N=CN=C2O)=C2CCCC(C)C2=C1,0.922851377
CCS(=O)(=O)C1=C2C(=CC(C)=C1)C1=CC=CC=C1CN2OC(N)=O,0.922809816
CCS(=O)(=O)C1=C2C=C(CN)C=C(F)C2=CC(C2C=CN(C)C2)=C1,0.922770059
CCS(=O)(=O)C1=CC2=C(C(F)=CC(CN)=C2)C(C2C=CN(C)C2)=C1,0.922770059
CCS(=O)(=O)C1=C2C=C3CCNC(S(C)=O)C3=CC2=CC(C)=C1,0.92261551
CCS(=O)(=O)C1=C2C=C3C(=CC2=CC(C)=C1)CNCC3S(C)=O,0.92261551
CC1=CC(S(=O)(=O)C(C)CC(=O)O)=CC2=C1CCC1=CC=CC=C12,0.922613784
CC1=CC(S(=O)(=O)C(C)CC(=O)O)=C2C(=C1)CCC1=CC=CC=C12,0.922613784
CCS(=O)(=O)C1=CC=CC(C2CN(C)C3=C2C=C(CN)C=C3F)=C1,0.922603941
CC1=CC(S(=O)(=O)C2(C)C3=CC=CC=C3CCC2CCN)=CC=C1,0.922600479
CCN1CCNC2=C1C=NC(C1=C(S(=O)(=O)CC)C=C(C)C=C1)=C2,0.92243833
CCN1CCNC2=C1C=C(C1=C(S(=O)(=O)CC)C=C(C)C=C1)N=C2,0.92243833
CCN1CCNC2=C(C3=C(S(=O)(=O)CC)C=C(C)C=C3)N=CC=C21,0.92243833
CCN1CCNC2=C1C(C)=CC(S(=O)(=O)CC)=C2C1=CC=CC=N1,0.92243833
CCN1CCNC2=CC=C(C3=C(S(=O)(=O)CC)C=C(C)C=C3)N=C21,0.92243833
CCN1CCNC2=NC(C3=C(S(=O)(=O)CC)C=C(C)C=C3)=CC=C21,0.92243833
CCN1CCNC2=CC=NC(C3=C(S(=O)(=O)CC)C=C(C)C=C3)=C21,0.92243833
CCN1CCNC2=C1C(C1=CC=CC=N1)=C(S(=O)(=O)CC)C=C2C,0.92243833
CCS(=O)(=O)C1=CC2=C(CCC(NC(C)=C(C)C)C2)C(C)=C1,0.922267079
CCNC1CCC2=C(C=C(S(=O)(=O)C(C)=C(C)C)C=C2C)C1,0.922267079
COCN1NC(C)(S(=O)(=O)C2=CC=CC(C)=C2)CC2=CC=CC=C21,0.922248805
COCN1C2=CC=CC=C2CNC1(C)S(=O)(=O)C1=CC=CC(C)=C1,0.922248805
CNS(=O)(=O)C1=CC=CC(C2=CC=C3C=C(C(C)F)COC3=C2)=C1,0.922227511
CNS(=O)(=O)C1=CC=CC(C2=CC=C3C=C(C)C(CF)OC3=C2)=C1,0.922227511
CC(=O)C(C)(C)S(=O)(=O)C1=C2NCC3=CC=CC=C3C2=CC(C)=C1,0.922225252
CNS(=O)(=O)C1=CC=CC(C2=CC=C3C(CF)=C(C)COC3=C2)=C1,0.922209233
CCCC1=C2CCN3C(C)=CC(S(=O)(=O)NC)=CC3C2=CC=C1,0.922201281
CCCC1=C2C(=CC=C1)CCN1C(C)=CC(S(=O)(=O)NC)=CC21,0.922201281
CCCC1=CC=C2CCN3C(C)=CC(S(=O)(=O)NC)=CC3C2=C1,0.922201281
CCCC1=CC=C2C(=C1)CCN1C(C)=CC(S(=O)(=O)NC)=CC21,0.922201281
CCCC12C=C(S(=O)(=O)NC)C=C(C)N1CCC1=CC=CC=C12,0.922199117
CNS(=O)(=O)C1=C2C=C(CN3C=C(C)CC3)C=C(F)C2=CC(C)=C1,0.922197751
CC1=CC(S(=O)(=O)NN2CC3=CC=CC=C3C3C=CC=CC32)=CC=C1,0.922182288
CCS(=O)(=O)C1=CC2=C(CCC3=CC=CC=C32)C(C(C)C(=O)O)=C1,0.922179577
CC1=CC(S(=O)(=O)CC2=CC=C(OC3=NCCN3)N=C2)=CC=C1,0.922175164
CC1=NC2CC3=CC=C(CS(=O)(=O)C4=CC=CC(C)=C4)C=C3N=C2N1,0.92211644
CC1=NCC2=C1C=C1CNC(CS(=O)(=O)C3=CC=CC(C)=C3)CC1=C2,0.922014124
CC1=NCC2=C(S(=O)(=O)CC3CC4=CC=CC=C4CN3)C=C(C)C=C12,0.922014124
CC1=NCC2=C3CC(CS(=O)(=O)C4=CC=CC(C)=C4)NCC3=CC=C12,0.922014124
CC1=NCC2=CC=C3CC(CS(=O)(=O)C4=CC=CC(C)=C4)NCC3=C12,0.922014124
CC1=NCC2=C1C(C)=CC(S(=O)(=O)CC1CC3=CC=CC=C3CN1)=C2,0.922014124
CC1=NCC2(CS(=O)(=O)C3=CC=CC(C)=C3)NCC3=CC=CC=C3C12,0.921990443
CN=C1NC(C)(S(=O)(=O)C2=CC=CC(C)=C2)CC2=CC=CC=C12,0.921969371
CN=C1C2=CC=CC=C2CNC1(C)S(=O)(=O)C1=CC=CC(C)=C1,0.921969371
CNS(=O)(=O)C1=CC=CC(C2=CC=C3CN(N(C)C)CCC3=C2)=C1,0.921960725
CCC1(O)CCC2=CC=CC=C2C1(C)S(=O)(=O)C1=CC=CC(C)=C1,0.921954123
CCS(=O)(=O)C1=CC=CC(C23CN=C(C)C2NCC2=CC=CC=C23)=C1,0.921937519
CCC1(OC)NCCC2=CC3=C(S(=O)(=O)CC)C=C(C)C=C3C=C21,0.921934085
CCC1(OC)CNCC2=CC3=CC(C)=CC(S(=O)(=O)CC)=C3C=C21,0.921934085
CCS(=O)(=O)C1=CC=CC(C2C3=CC=CC=C3CC3NC(C)=NC32)=C1,0.921912887
CC1=NC2(CS(=O)(=O)C3=CC=CC(C)=C3)CC3=CC=CC=C3CC2N1,0.9219112
CCS(=O)(=O)C1=CC=CC(C2=C3C(=CC=C2)CNCC3(F)OC)=C1,0.921843748
CC(C)=C1NCCC2=CC=CC(CS(=O)(=O)C3=CC=CC(C)=C3)=C12,0.921799818
CC(C)=C(C1=C2CNCCC2=CC=C1)S(=O)(=O)C1=CC=CC(C)=C1,0.921799818
CC(C)=C1CNCC2=C(CS(=O)(=O)C3=CC=CC(C)=C3)C=CC=C12,0.921799818
CCS(=O)(=O)C1=CC=CC(C2=C(N)C3CN=C(C)N3C=C2)=C1,0.921793448
CCS(=O)(=O)C1=CC=CC(C2=C(N)C=CC3CN=C(C)N23)=C1,0.921793448
CC1=CC(S(=O)(=O)CC2=CC=C3CNC(C(C)C)CC3=C2)=CC=C1,0.921787598
CC1=NCC2=C1C(C)=CC(S(=O)(=O)CC1=CC=C3CNC=NC3=C1)=C2,0.921782837
CC1=NCC2=C(S(=O)(=O)CC3=CC=C4CNC=NC4=C3)C=C(C)C=C12,0.921782837
CC1=NCC2=C(CS(=O)(=O)C3=CC=CC(C)=C3)C=C3N=CNCC3=C12,0.921782837
CCS(=O)(=O)C1=C2C=C3CCNCC3=CC2=CC(C)=C1S(C)=O,0.9217632
CCS(=O)(=O)C1=C2C=C3CCNCC3=C(S(C)=O)C2=CC(C)=C1,0.9217632
CCS(=O)(=O)C1=C2C=C3CCNCC3=CC2=C(S(C)=O)C(C)=C1,0.9217632
CCS(=O)(=O)C1=C2C(S(C)=O)=C3CCNCC3=CC2=CC(C)=C1,0.9217632
CCN=C1C2=CC=CC=C2CC2C(C)=CC(S(=O)(=O)NC)=CN12,0.921736463
CCN=C1C2=CC=CC=C2CN2C=C(S(=O)(=O)NC)C=C(C)C12,0.921736463
CC1=CC(S(=O)(=O)CC(O)(F)F)=CC2=C1C1=CC=CC=C1N(C)C2,0.921703674
CCS(=O)(=O)C1=CC=CC(CC2=CC=C(C(=O)O)C=C2)=C1,0.921684327
COC(C)(F)S(=O)(=O)C1=CC=CC(C2=C3CCNCC3=CC=C2)=C1,0.921679675
CC1=CC=C(C(CC(N)=O)N(C)C(=O)C2=CC=CC=C2)C=C1,0.92166762
CCC1C2=CC=CC=C2CCC1S(=O)(=O)C1=CC(NC)=CC=C1,0.921643445
CCC1CC(S(=O)(=O)C2=CC(NC)=CC=C2)CC2=CC=CC=C21,0.921643445
CC1=CC(S(=O)(=O)CCC2=CC=C(C(=O)O)C=C2)=CC=C1,0.921617642
CCC1=C(C)C=CC=C1S(=O)(=O)NC1=C(C)COC2=CC=CC=C12,0.921608112
CCC1=C(S(=O)(=O)NC2=C(C)COC3=CC=CC=C23)C=C(C)C=C1,0.921608112
CCC1=CC=C(S(=O)(=O)NC2=C(C)COC3=CC=CC=C23)C=C1C,0.921608112
CCC1=CC=C2OCC(C)=C(NS(=O)(=O)C3=CC=CC(C)=C3)C2=C1,0.921608112
CCC1=C2OCC(C)=C(NS(=O)(=O)C3=CC=CC(C)=C3)C2=CC=C1,0.921608112
CCC1=CC=C2C(NS(=O)(=O)C3=CC=CC(C)=C3)=C(C)COC2=C1,0.921608112
CCC1=CC(C)=CC(S(=O)(=O)NC2=C(C)COC3=CC=CC=C23)=C1,0.921608112
CCC1=C2C(NS(=O)(=O)C3=CC=CC(C)=C3)=C(C)COC2=CC=C1,0.921608112
CCS(=O)(=O)C1=C2CN=C(C)C2=CC(C2CNCC3=CC=CC=C32)=C1,0.921607908
CCS(=O)(=O)C1=CC2=C(C(C)=NC2)C(C2CNCC3=CC=CC=C32)=C1,0.921607908
CCS(=O)(=O)C1=CC=CC(C2CNCC3=C4CN=C(C)C4=CC=C32)=C1,0.921607908
CCS(=O)(=O)C1=CC=CC(C2CNCC3=CC=C4CN=C(C)C4=C32)=C1,0.921607908
CCS(=O)(=O)C1=CC=CC(C2CNCC3=CC4=C(C=C32)C(C)=NC4)=C1,0.921607908
CC1=NCC2(NS(=O)(=O)C3=CC=CC(C)=C3)CC3=CC=CC=C3N=C12,0.921586686
CC(C)=CC1=CC(S(=O)(=O)CC2=C3CNCCC3=CC=C2)=CC=C1,0.921569576
CCCC1CC2=CC=CC=C2C2C=C(S(=O)(=O)NC)C=C(C)N12,0.921548335
CCCC1=C(C)N2CCC3=CC=CC=C3C2C=C1S(=O)(=O)NC,0.921540377
CCCC1=C(S(=O)(=O)NC)C=C(C)N2CCC3=CC=CC=C3C12,0.921540377
CC1=CC(S(=O)(=O)C(C)S(C)=O)=C2C=C3CCNCC3=CC2=C1,0.921522001
CCS(=O)(=O)C1=C2C=C3CC(S(C)=O)NCC3=CC2=CC(C)=C1,0.921522001
CCC1(OC)CC2=CC3=C(S(=O)(=O)CC)C=C(C)C=C3C=C2CN1,0.921521112
CCC(C)(OC)S(=O)(=O)C1=C2C=C3CCNCC3=CC2=CC(C)=C1,0.921521112
CC1=NC2C3=CC=C(CS(=O)(=O)C4=CC=CC(C)=C4)C=C3N=CC2N1,0.921500127
CC1=NCC2=C(S(=O)(=O)NC3C=NC4=CC=CC=C4C3)C=C(C)C=C12,0.921491987
CC1=NCC2=C1C=C1CC(NS(=O)(=O)C3=CC=CC(C)=C3)C=NC1=C2,0.921491987
CC1=NCC2=CC=C3N=CC(NS(=O)(=O)C4=CC=CC(C)=C4)CC3=C12,0.921491987
CC1=NCC2=C3N=CC(NS(=O)(=O)C4=CC=CC(C)=C4)CC3=CC=C12,0.921491987
CC1=NCC2=C1C(C)=CC(S(=O)(=O)NC1C=NC3=CC=CC=C3C1)=C2,0.921491987
CCC(C1=CC=C(C(N)=O)C=C1)N(C)C(=O)C1=CC=CC=C1,0.921488659
CC1=NC2C3=CC=CC=C3CC(CS(=O)(=O)C3=CC=CC(C)=C3)C2N1,0.921468365
CN1CCC(C(=O)NC2=CC=CC=C2C2=CC=C(C(=O)N(C)C)C=C2)C1,0.921386301
CC1=NCC2(NS(=O)(=O)C3=CC=CC(C)=C3)C=NC3=CC=CC=C3C12,0.921348342
CC1=CC(S(=O)(=O)C2(C)C3=CC=CC=C3CCC2CCO)=CC=C1,0.921343806
CCC1(N)CC2=CC=CC=C2C(C2=CC(S(=O)(=O)CC)=CC=C2)C1,0.921305215
CCC1(N)CCC2=CC=CC=C2C1C1=CC(S(=O)(=O)CC)=CC=C1,0.921305215
CCCCS(=O)(=O)C1=C2NCC3=CC=CC=C3C2=CC(C)=C1,0.921172122
CCC1(O)CCC2=CC=CC=C2C1CS(=O)(=O)C1=CC=CC(C)=C1,0.921142321
CCC1=CC=CC(S(=O)(=O)NCC2=CC=CC(F)=C2)=C1,0.921099837
CNS(=O)(=O)C1=CC=CC(C23CC=C(C)N2CC2=CC=CC=C2C3)=C1,0.921088185
CC1=CC(S(=O)(=O)C2(C)NC(C(F)F)=NC3=CC=CC=C32)=CC=C1,0.921065924
CCS(=O)(=O)C1=CC2=C(C3=CC=CC=C3N(C)C2)C(C(O)(F)F)=C1,0.921025584
CCS(=O)(=O)C1=CC=CC(CC2=CC=C(C(=O)NC)C=C2)=C1,0.920996179
NS(=O)(=O)C1=CC(CCCC2=CC=CC(F)=C2)=CC=C1,0.920943009
CC(=O)NC1=CC=CC=C1C1=CC=C(C(=O)N(C)C2CCN(C)C2)C=C1,0.920908575
CN(C)C(=O)C1=CC=C(C2=CC=CC=C2NC(=O)C2CCCN2C)C=C1,0.920908575
CNS(=O)(=O)C1=CC=CC(C2=CC=C3N=CN4CN=C(C)C4C3=C2)=C1,0.920858199
CC1=NCC2=C1C=C1CN(NS(=O)(=O)C3=CC=CC(C)=C3)C=NC1=C2,0.920817329
CC1=NCC2=C1C(C)=CC(S(=O)(=O)NN1C=NC3=CC=CC=C3C1)=C2,0.920817329
